"","Date","Temp","Q","P","E"
"1","10/9/2016",11.695,0.176,0,2.79
"2","10/10/2016",10.695,0.176,0,3.46
"3","10/11/2016",11.195,0.176,0,3.65
"4","10/12/2016",12.395,0.214,0,3.46
"5","10/13/2016",16.395,0.214,0,5.64
"6","10/14/2016",10.195,0.252,0,3.24
"7","10/15/2016",7.395,0.252,0,3.41
"8","10/16/2016",5.395,0.214,0,3.26
"9","10/17/2016",7.595,0.214,0,3.54
"10","10/18/2016",4.595,0.252,0,1.17
"11","10/19/2016",6.195,0.214,3,2.19
"12","10/20/2016",6.095,0.214,0,2.56
"13","10/21/2016",6.095,0.252,0,2.76
"14","10/22/2016",7.095,0.252,0,2.79
"15","10/23/2016",8.495,0.252,0,2.96
"16","10/24/2016",9.795,0.252,0,2.58
"17","10/25/2016",7.095,0.214,0,2.72
"18","10/26/2016",3.395,0.214,0,2.33
"19","10/27/2016",4.495,0.214,0,2.45
"20","10/28/2016",5.495,0.214,0,2.75
"21","10/29/2016",6.695,0.214,0,2.9
"22","10/30/2016",6.495,0.214,0,2.65
"23","10/31/2016",3.395,0.214,0,1.87
"24","11/1/2016",-1.105,0.214,7.2,1.07
"25","11/2/2016",-2.205,0.214,0,1.6
"26","11/3/2016",0.895,0.214,0,2
"27","11/4/2016",2.995,0.214,0,2.3
"28","11/5/2016",2.795,0.214,0,2.21
"29","11/6/2016",3.695,0.214,0,2.02
"30","11/7/2016",4.995,0.214,0,1.8
"31","11/8/2016",6.195,0.214,0,1.66
"32","11/9/2016",7.695,0.214,0,2.05
"33","11/10/2016",11.895,0.214,0,4.05
"34","11/11/2016",6.195,0.214,0,1.61
"35","11/12/2016",4.695,0.214,0,1.49
"36","11/13/2016",5.895,0.214,0,1.67
"37","11/14/2016",5.495,0.214,0,1.58
"38","11/15/2016",4.595,0.214,0,1.86
"39","11/16/2016",-2.005,0.214,0,0.77
"40","11/17/2016",-4.905,0.214,0.8,0.9
"41","11/18/2016",-4.905,0.214,0,1.27
"42","11/19/2016",-3.005,0.214,0,1.38
"43","11/20/2016",-1.505,0.214,0,1.56
"44","11/21/2016",0.295,0.214,0,1.64
"45","11/22/2016",0.195,0.214,0,1.72
"46","11/23/2016",-1.805,0.214,0,2.09
"47","11/24/2016",-2.205,0.214,0,1.66
"48","11/25/2016",-0.905,0.214,0,1.7
"49","11/26/2016",-1.905,0.176,0,1.86
"50","11/27/2016",-0.605,0.176,0,1.71
"51","11/28/2016",-0.305,0.176,0,2.04
"52","11/29/2016",1.195,0.176,0,1.87
"53","11/30/2016",0.595,0.176,1.2,1
"54","12/1/2016",-4.105,0.176,8.6,0.16
"55","12/2/2016",-6.805,0.214,2.6,0.49
"56","12/3/2016",-4.405,0.214,0.2,1.32
"57","12/4/2016",-0.505,0.214,0.2,0.86
"58","12/5/2016",-2.705,0.214,0,1.04
"59","12/6/2016",-5.605,0.176,0.2,1.1
"60","12/7/2016",-3.405,0.214,0,1.54
"61","12/8/2016",-5.905,0.214,0,0.89
"62","12/9/2016",-7.105,0.214,0,1.38
"63","12/10/2016",-2.905,0.176,0,2.16
"64","12/11/2016",-1.605,0.176,0,1.65
"65","12/12/2016",-0.505,0.176,0,1.02
"66","12/13/2016",-1.505,0.214,0,0.31
"67","12/14/2016",-9.305,0.214,18.8,0.46
"68","12/15/2016",-14.905,0.214,0.4,0.65
"69","12/16/2016",-12.805,0.176,1.8,0.66
"70","12/17/2016",-12.005,0.176,1,0.42
"71","12/18/2016",-13.105,0.214,0,0.57
"72","12/19/2016",-17.705,0.214,0,0.71
"73","12/20/2016",-14.505,0.176,0,0.85
"74","12/21/2016",-11.505,0.176,0.2,0.48
"75","12/22/2016",-6.705,0.214,2,0.45
"76","12/23/2016",-5.005,0.214,2.8,0.27
"77","12/24/2016",-4.605,0.214,1.4,0.39
"78","12/25/2016",-5.905,0.214,2,0.37
"79","12/26/2016",-6.205,0.214,0,0.39
"80","12/27/2016",-5.905,0.252,5,0.34
"81","12/28/2016",-6.705,0.252,0.2,0.81
"82","12/29/2016",-2.605,0.76,3.4,1.47
"83","12/30/2016",-3.405,0.98,15,0.56
"84","12/31/2016",-6.405,0.87,22.6,0.42
"85","1/1/2017",-10.505,0.578,0,0.61
"86","1/2/2017",-10.905,0.434,0,0.56
"87","1/3/2017",-8.905,0.434,0,0.75
"88","1/4/2017",-10.905,0.434,0,0.78
"89","1/5/2017",-4.905,0.434,0,1.04
"90","1/6/2017",-0.305,0.76,0,1.58
"91","1/7/2017",-1.005,1.62,0,1.87
"92","1/8/2017",-3.505,1.48,0.6,1.19
"93","1/9/2017",-9.505,1.09,6.2,0.72
"94","1/10/2017",-9.505,0.87,0,1.2
"95","1/11/2017",-4.305,0.87,2.4,0.8
"96","1/12/2017",-6.505,0.87,0,0.91
"97","1/13/2017",-7.205,0.65,4.4,1.11
"98","1/14/2017",-9.205,0.434,0,0.86
"99","1/15/2017",-7.505,0.434,0,0.96
"100","1/16/2017",-4.405,0.434,0,0.76
"101","1/17/2017",-3.605,0.434,0,0.85
"102","1/18/2017",-3.105,0.434,0,1.18
"103","1/19/2017",-3.705,0.434,0,0.96
"104","1/20/2017",-7.705,0.434,0,1.13
"105","1/21/2017",-6.505,0.434,0,0.83
"106","1/22/2017",-10.705,0.434,0,0.93
"107","1/23/2017",-9.305,0.434,0,0.82
"108","1/24/2017",-7.205,0.434,0,1.11
"109","1/25/2017",-1.305,0.434,0,1.63
"110","1/26/2017",-6.405,0.434,0,0.84
"111","1/27/2017",-11.505,0.434,1.4,0.56
"112","1/28/2017",-13.605,0.362,0.2,0.84
"113","1/29/2017",-13.405,0.362,0,0.73
"114","1/30/2017",-13.705,0.362,0,0.83
"115","1/31/2017",-15.105,0.362,0,0.7
"116","2/1/2017",-16.405,0.29,0,1.13
"117","2/2/2017",-14.705,0.29,0,1.08
"118","2/3/2017",-8.405,0.29,0,1.5
"119","2/4/2017",-5.305,0.29,0,1.18
"120","2/5/2017",-2.605,0.29,0,1.1
"121","2/6/2017",-2.105,0.29,0.6,0.78
"122","2/7/2017",-1.305,0.362,0,1.2
"123","2/8/2017",0.295,0.434,0,1.96
"124","2/9/2017",-0.305,0.362,0,1.35
"125","2/10/2017",-2.405,0.362,0,1.34
"126","2/11/2017",-5.505,0.362,0,1.07
"127","2/12/2017",-4.705,0.362,0,0.9
"128","2/13/2017",-8.205,0.362,0,0.9
"129","2/14/2017",-9.405,0.362,0,1.07
"130","2/15/2017",-11.105,0.362,0,0.72
"131","2/16/2017",-9.805,0.362,0,0.93
"132","2/17/2017",-10.005,0.362,0,1.14
"133","2/18/2017",-7.305,0.362,0,1.48
"134","2/19/2017",-3.805,0.362,0,1.43
"135","2/20/2017",-3.805,0.362,0,1.57
"136","2/21/2017",-1.705,0.362,0,1.76
"137","2/22/2017",-0.805,0.362,0,1.71
"138","2/23/2017",-0.305,0.434,0,1.98
"139","2/24/2017",-0.605,0.434,0,1.81
"140","2/25/2017",0.595,0.506,0,1.68
"141","2/26/2017",0.595,0.506,0,1.66
"142","2/27/2017",1.195,0.578,0,1.61
"143","2/28/2017",3.095,0.578,0,2.15
"144","3/1/2017",5.195,0.76,0,2.53
"145","3/2/2017",3.495,0.98,0,2.29
"146","3/3/2017",0.395,1.76,13,1.5
"147","3/4/2017",-0.105,1.2,1,0.99
"148","3/5/2017",-1.705,1.09,1.4,1.85
"149","3/6/2017",1.495,1.09,0,2.71
"150","3/7/2017",3.095,1.09,0,2.62
"151","3/8/2017",3.395,1.09,0,2.95
"152","3/9/2017",4.995,0.98,0,3.36
"153","3/10/2017",3.995,1.48,0,2.14
"154","3/11/2017",0.495,2.22,6,1.2
"155","3/12/2017",-0.705,3.5,0.6,0.78
"156","3/13/2017",0.495,5.1,35,1.83
"157","3/14/2017",-1.505,4.1,0,1.25
"158","3/15/2017",-4.205,2.7,4,0.83
"159","3/16/2017",-3.305,2.06,0,1.32
"160","3/17/2017",-3.705,1.48,0.2,1.41
"161","3/18/2017",-5.805,1.34,2.4,1.43
"162","3/19/2017",-3.005,1.2,0.6,2.92
"163","3/20/2017",0.295,1.09,0,1.66
"164","3/21/2017",2.195,0.98,3.2,2.38
"165","3/22/2017",3.195,1.09,0,2.92
"166","3/23/2017",0.895,1.2,0,3.08
"167","3/24/2017",1.595,1.2,0,3.17
"168","3/25/2017",3.295,1.2,0,3.73
"169","3/26/2017",5.795,1.48,0,3.35
"170","3/27/2017",4.695,1.62,0,2.94
"171","3/28/2017",1.595,1.76,2.4,1.19
"172","3/29/2017",1.995,1.62,0,3.39
"173","3/30/2017",4.995,1.76,0,3.24
"174","3/31/2017",1.595,1.9,0.8,1.35
"175","4/1/2017",1.895,2.06,6.6,2.29
"176","4/2/2017",2.195,2.38,0.8,1.73
"177","4/3/2017",3.395,2.38,0.2,3.73
"178","4/4/2017",6.095,2.22,0,4.15
"179","4/5/2017",8.795,2.7,0,4.52
"180","4/6/2017",8.195,3.18,0,4.26
"181","4/7/2017",5.295,3.34,0.6,3.45
"182","4/8/2017",2.795,3.18,0.2,2.94
"183","4/9/2017",-2.305,3.02,15.8,1.41
"184","4/10/2017",-1.505,2.7,0.4,2.17
"185","4/11/2017",-2.705,2.54,0,3.58
"186","4/12/2017",5.095,2.54,0,2.8
"187","4/13/2017",4.495,3.9,1.4,1.42
"188","4/14/2017",4.195,5.1,2.4,1.68
"189","4/15/2017",3.895,5.5,40.4,1.92
"190","4/16/2017",5.295,4.9,1.4,3.57
"191","4/17/2017",6.195,4.9,0,4.28
"192","4/18/2017",6.195,4.9,0,3.73
"193","4/19/2017",5.795,3.9,0,3.56
"194","4/20/2017",7.095,4.1,0.4,4.57
"195","4/21/2017",8.495,3.9,0,3.9
"196","4/22/2017",8.395,4.9,0,5.91
"197","4/23/2017",8.795,5.3,0,6.42
"198","4/24/2017",0.795,3.9,0,3.86
"199","4/25/2017",3.595,3.34,0,4.36
"200","4/26/2017",5.795,2.86,0,5
"201","4/27/2017",8.395,3.5,0,5.12
"202","4/28/2017",9.795,4.1,0,4.9
"203","4/29/2017",10.695,4.5,0,4.93
"204","4/30/2017",11.995,4.9,0,6.29
"205","5/1/2017",10.595,5.5,0,2.89
"206","5/2/2017",7.995,5.3,0,3.28
"207","5/3/2017",8.295,5.3,0,3.22
"208","5/4/2017",7.995,5.3,0,2.54
"209","5/5/2017",10.495,5.3,0,4.1
"210","5/6/2017",9.495,5.3,0.4,3.76
"211","5/7/2017",6.395,4.7,0.4,2.72
"212","5/8/2017",9.895,4.5,1,5.14
"213","5/9/2017",11.995,4.9,4.2,4.22
"214","5/10/2017",16.195,5.1,0,8.31
"215","5/11/2017",10.795,4.7,0,5.34
"216","5/12/2017",11.095,4.7,0,5.92
"217","5/13/2017",14.695,4.5,0,6.8
"218","5/14/2017",17.995,4.7,0,8.31
"219","5/15/2017",12.395,4.9,0,5.97
"220","5/16/2017",9.795,4.1,0,5.3
"221","5/17/2017",10.395,3.18,0,5.24
"222","5/18/2017",10.595,2.86,0.2,3.55
"223","5/19/2017",9.095,3.18,0,4
"224","5/20/2017",5.095,3.18,3.4,0.98
"225","5/21/2017",7.595,3.7,13.6,4.57
"226","5/22/2017",5.495,3.7,0,2.2
"227","5/23/2017",4.595,3.7,7,1.61
"228","5/24/2017",7.195,3.7,1.6,3.46
"229","5/25/2017",8.495,3.34,0,4.19
"230","5/26/2017",8.895,3.34,0.2,3.76
"231","5/27/2017",7.395,3.18,9,3.24
"232","5/28/2017",7.495,3.18,10.2,4.03
"233","5/29/2017",9.995,3.18,2.6,5.33
"234","5/30/2017",9.395,3.02,0,4.33
"235","5/31/2017",8.695,3.02,1.4,3.29
"236","6/1/2017",8.995,3.02,3.8,3.34
"237","6/2/2017",11.395,3.02,1.6,4.56
"238","6/3/2017",13.495,3.02,0,4.85
"239","6/4/2017",13.695,2.54,0,4.45
"240","6/5/2017",12.995,2.38,0.6,5.76
"241","6/6/2017",12.495,2.38,0,5.85
"242","6/7/2017",14.895,2.22,0,6.54
"243","6/8/2017",16.895,2.38,0,6.87
"244","6/9/2017",17.695,2.38,0,7.57
"245","6/10/2017",13.495,2.06,0,5.02
"246","6/11/2017",13.495,1.76,0,5.68
"247","6/12/2017",15.095,1.62,0,6.52
"248","6/13/2017",15.395,1.62,0,6.05
"249","6/14/2017",10.995,1.48,2.2,2.98
"250","6/15/2017",13.195,1.48,0.2,5.16
"251","6/16/2017",13.895,1.74,0,5.64
"252","6/17/2017",13.295,1.62,0,4.7
"253","6/18/2017",13.995,1.5,1.6,4.66
"254","6/19/2017",12.895,1.5,0,4.95
"255","6/20/2017",9.295,1.42,5.8,1.99
"256","6/21/2017",8.995,1.74,0,3.09
"257","6/22/2017",12.495,1.62,3.4,4.07
"258","6/23/2017",13.795,1.62,0,4.58
"259","6/24/2017",15.795,1.5,0,6.76
"260","6/25/2017",17.395,1,0,6.99
"261","6/26/2017",18.395,0.816,0,7.09
"262","6/27/2017",20.095,0.732,0,7.57
"263","6/28/2017",20.895,0.732,0,7.81
"264","6/29/2017",20.495,0.732,0,7.88
"265","6/30/2017",19.295,0.816,0,8.41
"266","7/1/2017",20.995,0.732,0,7.84
"267","7/2/2017",22.395,0.648,0,8.01
"268","7/3/2017",23.195,0.648,0,7.8
"269","7/4/2017",23.095,0.564,0,8.41
"270","7/5/2017",19.695,0.564,0,6.73
"271","7/6/2017",19.695,0.648,0,7.53
"272","7/7/2017",16.895,0.564,0,6.9
"273","7/8/2017",16.495,0.648,0,6.68
"274","7/9/2017",17.595,0.648,0,7.16
"275","7/10/2017",19.495,0.732,0,7.8
"276","7/11/2017",19.395,0.732,0,7.7
"277","7/12/2017",20.095,0.732,0,7.62
"278","7/13/2017",19.595,0.732,0,7.68
"279","7/14/2017",19.895,0.648,0,7.93
"280","7/15/2017",20.595,0.564,0,7.53
"281","7/16/2017",20.395,0.564,0,6.47
"282","7/17/2017",21.095,0.564,1,6.88
"283","7/18/2017",21.095,0.564,0,6.92
"284","7/19/2017",18.795,0.48,0,6.34
"285","7/20/2017",19.795,0.48,0,6.12
"286","7/21/2017",20.795,0.48,0,7.04
"287","7/22/2017",21.095,0.42,0,7.67
"288","7/23/2017",20.695,0.36,0,7.78
"289","7/24/2017",19.395,0.36,0,7.27
"290","7/25/2017",19.095,0.3,0,7.26
"291","7/26/2017",21.195,0.3,0,8
"292","7/27/2017",22.695,0.36,0,7.87
"293","7/28/2017",20.195,0.36,0,6.5
"294","7/29/2017",17.195,0.36,0,7.13
"295","7/30/2017",18.595,0.3,0,6.63
"296","7/31/2017",19.095,0.3,0,7.24
"297","8/1/2017",18.795,0.3,0,7.28
"298","8/2/2017",20.995,0.3,0,6.98
"299","8/3/2017",19.995,0.24,0,5.87
"300","8/4/2017",15.295,0.3,0,3.94
"301","8/5/2017",15.495,0.36,0.8,5.57
"302","8/6/2017",18.095,0.3,0,6.06
"303","8/7/2017",19.095,0.24,0,6.81
"304","8/8/2017",21.195,0.24,0,7.5
"305","8/9/2017",23.595,0.24,0,7.97
"306","8/10/2017",21.995,0.18,0,6.94
"307","8/11/2017",21.495,0.18,0,8.23
"308","8/12/2017",21.295,0.147,0,6.42
"309","8/13/2017",20.895,0.147,0,6.5
"310","8/14/2017",20.695,0.147,0,6.38
"311","8/15/2017",20.095,0.147,0,6.58
"312","8/16/2017",19.495,0.147,0,5.51
"313","8/17/2017",19.795,0.18,0,5.66
"314","8/18/2017",18.995,0.147,0,4.61
"315","8/19/2017",17.895,0.147,0,4.39
"316","8/20/2017",18.595,0.147,16,5.21
"317","8/21/2017",18.095,0.147,0,4.77
"318","8/22/2017",17.695,0.147,0,5.02
"319","8/23/2017",16.795,0.113,0,5.41
"320","8/24/2017",17.395,0.147,0,5.9
"321","8/25/2017",17.495,0.147,0,6.1
"322","8/26/2017",15.595,0.147,0,5.74
"323","8/27/2017",16.595,0.147,0,5.56
"324","8/28/2017",16.495,0.113,0,5.77
"325","8/29/2017",16.795,0.113,0,6.06
"326","8/30/2017",17.695,0.113,0,5.8
"327","8/31/2017",15.095,0.147,0,4.33
"328","9/1/2017",15.695,0.3,0,4.94
"329","9/2/2017",16.895,0.237,0,6.38
"330","9/3/2017",17.395,0.112,0,6.08
"331","9/4/2017",19.095,0.112,0,6.3
"332","9/5/2017",19.695,0.112,0,5.8
"333","9/6/2017",16.295,0.112,0,4.87
"334","9/7/2017",11.995,0.175,0,5.37
"335","9/8/2017",13.895,0.175,0,5.49
"336","9/9/2017",17.595,0.112,0,6.11
"337","9/10/2017",18.095,0.3,0,6.14
"338","9/11/2017",18.595,0.175,0,5.94
"339","9/12/2017",20.195,0.06,0,6.18
"340","9/13/2017",20.495,0.06,0,5.56
"341","9/14/2017",20.095,0.112,0,5.63
"342","9/15/2017",19.695,0.112,0,6.45
"343","9/16/2017",21.595,0.112,0,6.36
"344","9/17/2017",21.895,0.112,0,6.45
"345","9/18/2017",21.095,0.112,0,6.31
"346","9/19/2017",19.595,0.175,0,5.74
"347","9/20/2017",18.395,0.175,0,5.9
"348","9/21/2017",20.095,0.112,0,5.9
"349","9/22/2017",16.295,0.112,0,4.28
"350","9/23/2017",12.695,0.112,0,4.19
"351","9/24/2017",12.195,0.112,0,4.46
"352","9/25/2017",13.295,0.112,0,4.52
"353","9/26/2017",15.295,0.175,0,3.71
"354","9/27/2017",13.395,0.175,0,3.94
"355","9/28/2017",12.695,0.38,0,4.3
"356","9/29/2017",12.895,0.38,0,3.41
"357","9/30/2017",11.395,0.3,0,2.75
"358","10/1/2017",9.354729167,0.46,0.254,2.7
"359","10/2/2017",7.169027778,0.46,0,2.47
"360","10/3/2017",6.295666667,0.54,0,2.69
"361","10/4/2017",6.2490625,0.54,0,3.39
"362","10/5/2017",5.980097222,0.54,0,3.53
"363","10/6/2017",7.608666667,0.62,0,3.66
"364","10/7/2017",10.18452083,0.62,0,4.09
"365","10/8/2017",12.15277778,0.62,0,4.63
"366","10/9/2017",8.553611111,0.78,1.27,2.63
"367","10/10/2017",5.834569444,0.86,0,2.08
"368","10/11/2017",5.438701389,0.36,0,2.59
"369","10/12/2017",6.156083333,0.3,0,2.96
"370","10/13/2017",6.279229167,0.24,0,3.13
"371","10/14/2017",6.190819444,0.24,0,3.31
"372","10/15/2017",5.963034722,0.24,0,3.1
"373","10/16/2017",5.640881944,0.18,0,2.17
"374","10/17/2017",6.438284722,0.18,0,3.12
"375","10/18/2017",7.285090278,0.18,0,3.08
"376","10/19/2017",8.086604167,0.18,0,3.12
"377","10/20/2017",8.611729167,0.147,0,3.67
"378","10/21/2017",8.661361111,0.147,0,3.36
"379","10/22/2017",8.852763889,0.147,0,3.12
"380","10/23/2017",8.397423611,0.147,0,3.23
"381","10/24/2017",10.39902778,0.18,0,4.42
"382","10/25/2017",8.465208333,0.18,0.508,2.44
"383","10/26/2017",6.863458333,0.18,0.254,2.06
"384","10/27/2017",6.183395833,0.18,0,2.33
"385","10/28/2017",8.382847222,0.18,0,3.47
"386","10/29/2017",5.16675,0.18,0.254,2
"387","10/30/2017",4.025083333,0.18,0,1.81
"388","10/31/2017",2.447076389,0.18,0,1.8
"389","11/1/2017",-0.742166667,0.18,0,1.47
"390","11/2/2017",-0.936513889,0.18,0,1.86
"391","11/3/2017",1.413583333,0.18,0,2.1
"392","11/4/2017",2.208916667,0.18,0,1.43
"393","11/5/2017",0.885673611,0.36,31.24,1.28
"394","11/6/2017",1.459645833,0.48,0,1.33
"395","11/7/2017",2.260291667,0.36,0,1.43
"396","11/8/2017",1.937277778,0.36,0,1.29
"397","11/9/2017",1.356027778,0.3,0,1.23
"398","11/10/2017",3.4654375,0.3,0,1.21
"399","11/11/2017",2.703756944,0.3,0,0.96
"400","11/12/2017",3.106673611,0.3,0,1.35
"401","11/13/2017",4.538027778,0.3,0,1.67
"402","11/14/2017",6.388388889,0.3,0,1.9
"403","11/15/2017",4.777826389,0.3,0,1.37
"404","11/16/2017",4.285972222,0.3,0,1.37
"405","11/17/2017",4.937972222,0.3,0,1.81
"406","11/18/2017",5.202590278,0.3,0,2.15
"407","11/19/2017",5.490388889,0.24,0,2.43
"408","11/20/2017",1.656972222,0.3,0,1.31
"409","11/21/2017",-3.719020833,0.3,6.604,0.99
"410","11/22/2017",-7.797041667,0.36,4.064,0.94
"411","11/23/2017",-3.370409722,0.3,2.032,1.15
"412","11/24/2017",-2.009638889,0.3,0,0.99
"413","11/25/2017",-2.0966875,0.3,0,0.9
"414","11/26/2017",-0.819854167,0.3,0,1.11
"415","11/27/2017",-0.119958333,0.3,0,1.24
"416","11/28/2017",0.782534722,0.24,0.508,1.05
"417","11/29/2017",0.294152778,0.3,1.27,0.98
"418","11/30/2017",-1.0660625,0.3,0,0.98
"419","12/1/2017",0.801458333,0.3,0.254,1.16
"420","12/2/2017",3.093763889,0.3,0,1.41
"421","12/3/2017",5.518305556,0.3,0,1.62
"422","12/4/2017",4.621006944,0.24,0,1.74
"423","12/5/2017",0.690659722,0.18,4.826,1.56
"424","12/6/2017",-7.437340278,0.24,0,0.54
"425","12/7/2017",-9.492090278,0.24,7.366,0.82
"426","12/8/2017",-5.639631944,0.24,0,0.83
"427","12/9/2017",-3.63025,0.24,0,0.94
"428","12/10/2017",-3.003256944,0.24,0,1.02
"429","12/11/2017",0.008368056,0.24,0,1.08
"430","12/12/2017",3.738479167,0.18,0,1.44
"431","12/13/2017",3.605125,0.18,0,1.78
"432","12/14/2017",0.802736111,0.18,0,1.19
"433","12/15/2017",0.074708333,0.18,0,1
"434","12/16/2017",0.430458333,0.18,0,0.83
"435","12/17/2017",1.349423611,0.147,0.508,0.86
"436","12/18/2017",1.746270833,0.147,0,1.02
"437","12/19/2017",1.649784722,0.147,4.826,0.82
"438","12/20/2017",2.069826389,0.147,6.35,0.84
"439","12/21/2017",1.933881944,0.18,0.254,1.14
"440","12/22/2017",3.864555556,0.147,4.064,1.58
"441","12/23/2017",6.209326389,0.18,0,3.02
"442","12/24/2017",-5.578625,0.24,0,0.48
"443","12/25/2017",-5.357125,0.24,2.794,0.4
"444","12/26/2017",0.591791667,0.24,0,0.78
"445","12/27/2017",2.248979167,0.24,0,1.14
"446","12/28/2017",0.176194444,0.24,0,1.5
"447","12/29/2017",0.853965278,0.24,0,1.99
"448","12/30/2017",-0.678770833,0.24,0,1.05
"449","12/31/2017",-2.655458333,0.3,4.572,0.5
"450","1/1/2018",-3.864090278,0.3,6.604,0.67
"451","1/2/2018",-2.104972222,0.3,2.54,1.1
"452","1/3/2018",-0.926375,0.3,3.048,1.19
"453","1/4/2018",-3.63625,0.48,13.21,0.2
"454","1/5/2018",-3.454895833,0.48,3.048,0.5
"455","1/6/2018",-2.840208333,0.48,4.826,0.67
"456","1/7/2018",-2.104055556,0.48,0,0.98
"457","1/8/2018",-0.192583333,0.42,0,1.28
"458","1/9/2018",0.523576389,0.42,0,1.68
"459","1/10/2018",-1.286270833,0.42,0,1.1
"460","1/11/2018",0.331722222,0.42,0,1.82
"461","1/12/2018",-1.305826389,0.42,0,0.96
"462","1/13/2018",-1.851569444,0.36,0,1.08
"463","1/14/2018",-3.164243056,0.36,3.556,0.3
"464","1/15/2018",-5.53025,0.36,0,0.41
"465","1/16/2018",-4.777513889,0.36,2.286,0.89
"466","1/17/2018",-3.620125,0.36,0.254,0.75
"467","1/18/2018",-2.411784722,0.36,2.032,1.71
"468","1/19/2018",-10.38221528,0.42,1.27,0.58
"469","1/20/2018",-6.685069444,0.42,3.556,0.85
"470","1/21/2018",-3.591361111,0.36,0,0.75
"471","1/22/2018",-2.96125,0.36,0,1.2
"472","1/23/2018",-4.662909722,0.732,8.64,0.45
"473","1/24/2018",-6.535534722,0.564,0.762,0.41
"474","1/25/2018",-9.325430556,0.48,0,0.31
"475","1/26/2018",-9.160951389,0.48,0,0.24
"476","1/27/2018",-8.5861875,0.48,1.016,0.21
"477","1/28/2018",-8.762583333,0.42,1.27,0.31
"478","1/29/2018",-10.6468125,0.42,0.508,0.69
"479","1/30/2018",-5.71025,0.48,10.41,0.87
"480","1/31/2018",-2.805118056,0.48,0,1.27
"481","2/1/2018",-4.408951389,0.564,0,1.04
"482","2/2/2018",-3.941736111,0.564,0,1.16
"483","2/3/2018",-1.108229167,0.564,1.27,1.05
"484","2/4/2018",-0.393020833,0.564,0,0.92
"485","2/5/2018",1.906611111,0.732,0,1.58
"486","2/6/2018",-0.06175,0.732,0,1.42
"487","2/7/2018",0.482645833,0.732,0,1.48
"488","2/8/2018",3.088861111,0.648,0,1.72
"489","2/9/2018",2.303409722,0.732,0,1.72
"490","2/10/2018",2.283958333,0.732,0.254,1.84
"491","2/11/2018",7.610159722,1,0.254,4.63
"492","2/12/2018",0.849756944,1.2,0,1.51
"493","2/13/2018",-1.970555556,1,1.016,1.15
"494","2/14/2018",-1.853152778,1,0,1.34
"495","2/15/2018",-0.264138889,0.9,0.254,1.69
"496","2/16/2018",0.092034722,0.816,0,1.65
"497","2/17/2018",0.736215278,0.816,0,1.23
"498","2/18/2018",-2.549104167,0.816,0,1.39
"499","2/19/2018",-0.218069444,0.816,0,2.09
"500","2/20/2018",0.063875,0.648,1.016,1.74
"501","2/21/2018",-0.025993056,0.648,0,1.55
"502","2/22/2018",0.002458333,0.648,0,1.51
"503","2/23/2018",0.278951389,0.648,0,2.02
"504","2/24/2018",0.585548611,0.564,0,2.05
"505","2/25/2018",-1.958284722,0.564,2.032,1.37
"506","2/26/2018",-2.769826389,0.564,2.286,1.16
"507","2/27/2018",-0.380104167,0.564,5.588,1.89
"508","2/28/2018",0.197173611,0.564,0.508,2.49
"509","3/1/2018",-1.917694444,0.564,0.254,1.02
"510","3/2/2018",-0.106347222,0.564,0,2.25
"511","3/3/2018",1.999152778,0.564,0,1.84
"512","3/4/2018",1.897375,0.564,0,1.22
"513","3/5/2018",3.442729167,0.564,0,2.27
"514","3/6/2018",3.829965278,0.564,5.08,2.69
"515","3/7/2018",4.805673611,0.648,0,2.65
"516","3/8/2018",5.4449375,0.732,14.73,3.53
"517","3/9/2018",-0.770298611,1.1,11.94,1.32
"518","3/10/2018",0.733722222,1,0,1.87
"519","3/11/2018",2.801055556,1,0,2.7
"520","3/12/2018",4.357465278,0.9,0,2.56
"521","3/13/2018",3.245951389,0.9,0,2.54
"522","3/14/2018",2.774083333,0.9,0,2.65
"523","3/15/2018",1.152194444,0.816,1.778,2.04
"524","3/16/2018",-1.5978125,0.9,4.572,1.87
"525","3/17/2018",3.661208333,0.816,0,3.38
"526","3/18/2018",6.6223125,0.816,0,3.48
"527","3/19/2018",8.597451389,0.816,0.254,4.9
"528","3/20/2018",8.653506944,1,0,4.27
"529","3/21/2018",5.279041667,1,0,3.6
"530","3/22/2018",6.713979167,0.9,0,3.67
"531","3/23/2018",13.68784722,1,0,7.39
"532","3/24/2018",7.921041667,1,0,5.39
"533","3/25/2018",1.7455625,1,0,2.47
"534","3/26/2018",4.518388889,1,0,3.46
"535","3/27/2018",8.262729167,1.5,0,5.5
"536","3/28/2018",7.264194444,2.06,0.508,4.03
"537","3/29/2018",4.631777778,4.7,37.85,3.59
"538","3/30/2018",-1.2095,3.7,2.286,0.95
"539","3/31/2018",2.673756944,2.86,0,3.11
"540","4/1/2018",5.811395833,1.9,0,3.56
"541","4/2/2018",3.308395833,1.8,0,3.79
"542","4/3/2018",1.513347222,1.7,0,3.46
"543","4/4/2018",3.013868056,1.6,0,3.95
"544","4/5/2018",6.9048125,1.5,0,4.27
"545","4/6/2018",8.956763889,1.6,0,4.76
"546","4/7/2018",10.26215278,1.8,0,5.41
"547","4/8/2018",8.243111111,2.06,3.048,4.12
"548","4/9/2018",4.561611111,2.86,26.67,2.47
"549","4/10/2018",3.037277778,4.7,13.46,2.4
"550","4/11/2018",6.196465278,3.7,7.62,2.99
"551","4/12/2018",7.771958333,2.86,3.302,2.96
"552","4/13/2018",9.158472222,2.06,0,3.92
"553","4/14/2018",9.735625,2.06,0,3.47
"554","4/15/2018",7.950125,2.06,0,4.47
"555","4/16/2018",7.359833333,1.9,0,4.69
"556","4/17/2018",9.306527778,1.9,0,5
"557","4/18/2018",11.94215278,1.9,0,5.15
"558","4/19/2018",11.66215278,1.9,0,5.19
"559","4/20/2018",5.727944444,1.9,4.064,2.48
"560","4/21/2018",0.480569444,1.8,3.302,1.42
"561","4/22/2018",1.882236111,1.8,0,3.61
"562","4/23/2018",7.881576389,1.8,0,4.55
"563","4/24/2018",9.548263889,1.8,0,4.4
"564","4/25/2018",10.19674648,1.8,0,4.95
"565","4/26/2018",11.24263889,1.8,0,4.96
"566","4/27/2018",9.569513889,1.8,5.334,3.2
"567","4/28/2018",11.02590278,1.7,0,5.13
"568","4/29/2018",11.26673611,1.7,0,5.36
"569","4/30/2018",11.05715278,1.7,0,4.18
"570","5/1/2018",11.27083333,1.7,0,4.97
"571","5/2/2018",9.206805556,1.7,3.048,4.13
"572","5/3/2018",9.489770833,1.7,1.016,3.78
"573","5/4/2018",12.86555556,1.7,0,5.48
"574","5/5/2018",10.29388889,1.7,0,3.22
"575","5/6/2018",9.870902778,1.6,0,5.37
"576","5/7/2018",6.595569444,1.6,2.54,3.03
"577","5/8/2018",5.577125,1.6,3.048,3.37
"578","5/9/2018",6.001,1.6,5.842,2.48
"579","5/10/2018",7.046041667,1.6,5.334,3.41
"580","5/11/2018",5.95875,1.6,1.524,2.2
"581","5/12/2018",5.578465278,1.6,12.19,2
"582","5/13/2018",6.241472222,1.6,8.64,2.98
"583","5/14/2018",8.459673611,1.6,0,4.93
"584","5/15/2018",10.53041667,1.7,0,5.32
"585","5/16/2018",12.25930556,1.7,0,5.32
"586","5/17/2018",14.25791667,1.7,0,5.8
"587","5/18/2018",13.48152778,1.7,1.27,5.05
"588","5/19/2018",12.02506944,1.7,8.13,3.82
"589","5/20/2018",11.46604167,1.8,25.91,3.86
"590","5/21/2018",12.84118056,1.8,0,4.88
"591","5/22/2018",13.36090278,1.8,0.508,5.02
"592","5/23/2018",13.41326389,1.6,0,5.7
"593","5/24/2018",14.67479167,1.4,0,6.21
"594","5/25/2018",12.42819444,1.4,0,5.34
"595","5/26/2018",10.62319444,1.3,0,4.68
"596","5/27/2018",12.5525,1.2,0,6.51
"597","5/28/2018",13.97368056,1.3,3.81,6.22
"598","5/29/2018",9.634444444,1.5,6.858,3.06
"599","5/30/2018",9.238958333,1.3,4.572,3.13
"600","5/31/2018",8.67125,1.2,9.65,2.38
"601","6/1/2018",8.346875,1.4,4.572,2.45
"602","6/2/2018",8.752847222,1.6,24.38,2.49
"603","6/3/2018",11.61979167,1.5,0,4.86
"604","6/4/2018",12.46097222,1.3,0,4.54
"605","6/5/2018",13.36090278,1.2,0,6.06
"606","6/6/2018",13.79222222,1.2,0.254,5.05
"607","6/7/2018",15.21729167,1.3,0,6.87
"608","6/8/2018",16.18013889,1.2,0,6.66
"609","6/9/2018",16.14069444,1.1,0,7.09
"610","6/10/2018",16.85395833,1.1,0,6.39
"611","6/11/2018",13.54694444,1.1,0.254,4.3
"612","6/12/2018",13.20444444,1.1,2.286,4.44
"613","6/13/2018",13.66486111,1.2,2.286,4.83
"614","6/14/2018",14.27409722,1,0,6.21
"615","6/15/2018",13.80472222,1,5.334,4.31
"616","6/16/2018",12.45208333,1,0.254,2.06
"617","6/17/2018",11.65256944,1,8.64,1.32
"618","6/18/2018",10.43430556,1,19.3,0.66
"619","6/19/2018",11.75013889,1,1.778,1.17
"620","6/20/2018",12.28458333,1,0,1.21
"621","6/21/2018",13.42944444,1,0.508,1.8
"622","6/22/2018",13.699375,0.9,0.254,2.24
"623","6/23/2018",14.83270833,0.9,0,3.03
"624","6/24/2018",14.03847222,0.9,0.508,2.14
"625","6/25/2018",14.72625,0.9,10.92,3.13
"626","6/26/2018",15.92854167,0.9,0,5.79
"627","6/27/2018",17.68826389,0.816,0,6.21
"628","6/28/2018",17.73020833,0.732,0,6.54
"629","6/29/2018",14.798125,0.732,0,6.21
"630","6/30/2018",14.15666667,0.732,0,5.84
"631","7/1/2018",16.37611111,0.792,0,6.5
"632","7/2/2018",19.06868056,0.792,0,6.34
"633","7/3/2018",19.88083333,0.792,0,7.65
"634","7/4/2018",18.688125,0.685,0,7.71
"635","7/5/2018",16.58569444,0.685,0,7.04
"636","7/6/2018",16.58347222,0.685,0,6.93
"637","7/7/2018",17.38298611,0.685,0,7.05
"638","7/8/2018",18.63618056,0.685,0,7.13
"639","7/9/2018",18.64076389,0.577,0,7.42
"640","7/10/2018",18.58631944,0.577,0,6.99
"641","7/11/2018",20.16826389,0.47,0,7.09
"642","7/12/2018",19.16520833,0.47,0,6.35
"643","7/13/2018",20.06083333,0.47,0,7.55
"644","7/14/2018",17.41701389,0.47,0,6.25
"645","7/15/2018",16.53513889,0.47,0,5.79
"646","7/16/2018",16.07041667,0.577,0,6.8
"647","7/17/2018",16.38104167,0.47,0,7.72
"648","7/18/2018",18.39284722,0.362,0,7.15
"649","7/19/2018",17.48034722,0.362,0,6.53
"650","7/20/2018",16.51131944,0.362,0,5.53
"651","7/21/2018",17.56965278,0.362,0,6.95
"652","7/22/2018",18.0825,0.362,0,6.65
"653","7/23/2018",17.57777778,0.317,0,7.42
"654","7/24/2018",17.828125,0.317,0,6.19
"655","7/25/2018",18.10916667,0.362,0,6.93
"656","7/26/2018",16.329375,0.317,0,5.24
"657","7/27/2018",17.39840278,0.317,0,5.83
"658","7/28/2018",17.04625,0.317,0,5.16
"659","7/29/2018",18.67069444,0.317,0,5.19
"660","7/30/2018",19.42618056,0.317,0,5.43
"661","7/31/2018",18.66201389,0.271,0,5.78
"662","8/1/2018",18.10472222,0.271,0,5.71
"663","8/2/2018",19.795,0.226,0,6.39
"664","8/3/2018",18.48027778,0.18,0,5.92
"665","8/4/2018",18.86305556,0.226,0,6.37
"666","8/5/2018",16.98590278,0.18,1.524,4.58
"667","8/6/2018",18.36729167,0.226,0,6.48
"668","8/7/2018",18.67388889,0.226,0,6.84
"669","8/8/2018",17.56194444,0.18,0,6.34
"670","8/9/2018",15.64930556,0.18,0,5.67
"671","8/10/2018",16.34548611,0.135,0,6.14
"672","8/11/2018",15.30618056,0.135,0,5.4
"673","8/12/2018",15.64125,0.135,0,6.53
"674","8/13/2018",16.00909722,0.18,0,6.64
"675","8/14/2018",16.07347222,0.135,0,6.95
"676","8/15/2018",17.64493056,0.135,0,6.93
"677","8/16/2018",18.96388889,0.116,0,7.21
"678","8/17/2018",20.05270833,0.116,0,6.78
"679","8/18/2018",19.10215278,0.116,0,6.55
"680","8/19/2018",17.61048611,0.135,0,6.15
"681","8/20/2018",16.26472222,0.135,0,6.65
"682","8/21/2018",17.78951389,0.135,0,6.43
"683","8/22/2018",18.45263889,0.116,0,6.12
"684","8/23/2018",17.66263889,0.116,0,6.72
"685","8/24/2018",19.91770833,0.116,0,6.69
"686","8/25/2018",19.89361111,0.097,0,6.43
"687","8/26/2018",18.46472222,0.097,0,5.75
"688","8/27/2018",18.70097222,0.097,0,6.05
"689","8/28/2018",18.091875,0.097,0,6.31
"690","8/29/2018",17.06,0.097,0,5.29
"691","8/30/2018",17.71430556,0.097,0,5.9
"692","8/31/2018",19.34631944,0.097,0,6.38
"693","9/1/2018",19.333125,0.08,0,6.63
"694","9/2/2018",18.70861111,0.08,0,6.54
"695","9/3/2018",17.67597222,0.08,0,6.27
"696","9/4/2018",17.91506944,0.113,0,5.9
"697","9/5/2018",18.52743056,0.113,0,5.76
"698","9/6/2018",15.45020833,0.113,0,4.35
"699","9/7/2018",13.44,0.113,0,4.18
"700","9/8/2018",13.03902778,0.08,0,5.04
"701","9/9/2018",13.30430556,0.08,0,5.02
"702","9/10/2018",12.53291667,0.113,1.27,3.59
"703","9/11/2018",12.73722222,0.113,0,1.87
"704","9/12/2018",14.01881944,0.113,0,2.52
"705","9/13/2018",18.19034722,0.147,0,6.65
"706","9/14/2018",13.07069444,0.147,0,1.92
"707","9/15/2018",11.88361111,0.147,0,1.98
"708","9/16/2018",12.791875,0.113,0,2.23
"709","9/17/2018",13.42875,0.147,0,2.63
"710","9/18/2018",13.47923611,0.113,0,2.24
"711","9/19/2018",14.05597222,0.113,0,2.17
"712","9/20/2018",14.94659722,0.113,0,2.73
"713","9/21/2018",14.58333333,0.147,0,3.06
"714","9/22/2018",14.76138889,0.08,0,3.41
"715","9/23/2018",15.25305556,0.08,0,3.31
"716","9/24/2018",15.99284722,0.113,0,2.82
"717","9/25/2018",16.55173611,0.08,0,3.5
"718","9/26/2018",10.48180556,0.113,0,2.17
"719","9/27/2018",10.01659722,0.24,0,3.68
"720","9/28/2018",12.09715278,0.3,0,3.79
"721","9/29/2018",13.87284722,0.3,0,4.02
"722","9/30/2018",11.44569444,0.24,6.35,1.82
