Date,Temp,Q,P,E,,,,
10/9/2016,15.4,0.103,0,2.79,,,,
10/10/2016,14.4,0.103,0,3.46,,,,
10/11/2016,14.9,0.103,0,3.65,,,,
10/12/2016,16.1,0.103,0,3.46,,,,
10/13/2016,20.1,0.103,0,5.64,,,,
10/14/2016,13.9,0.087,0,3.24,,,,
10/15/2016,11.1,0.087,0,3.41,,,,
10/16/2016,9.1,0.087,0,3.26,,,,
10/17/2016,11.3,0.080666667,0,3.54,,,,
10/18/2016,8.3,0.058333333,0,1.17,,,,
10/19/2016,9.9,0.042333333,3,2.19,,,,
10/20/2016,9.8,0.048666667,0,2.56,,,,
10/21/2016,9.8,0.055,0,2.76,,,,
10/22/2016,10.8,0.055,0,2.79,,,,
10/23/2016,12.2,0.055,0,2.96,,,,
10/24/2016,13.5,0.055,0,2.58,,,,
10/25/2016,10.8,0.048666667,0,2.72,,,,
10/26/2016,7.1,0.042333333,0,2.33,,,,
10/27/2016,8.2,0.036,0,2.45,,,,
10/28/2016,9.2,0.042333333,0,2.75,,,,
10/29/2016,10.4,0.042333333,0,2.9,,,,
10/30/2016,10.2,0.042333333,0,2.65,,,,
10/31/2016,7.1,0.036,0,1.87,,,,
11/1/2016,2.6,0.042333333,7.2,1.07,,,,
11/2/2016,1.5,0.042333333,0,1.6,,,,
11/3/2016,4.6,0.042333333,0,2,,,,
11/4/2016,6.7,0.036,0,2.3,,,,
11/5/2016,6.5,0.036,0,2.21,,,,
11/6/2016,7.4,0.036,0,2.02,,,,
11/7/2016,8.7,0.036,0,1.8,,,,
11/8/2016,9.9,0.036,0,1.66,,,,
11/9/2016,11.4,0.036,0,2.05,,,,
11/10/2016,15.6,0.042333333,0,4.05,,,,
11/11/2016,9.9,0.048666667,0,1.61,,,,
11/12/2016,8.4,0.055,0,1.49,,,,
11/13/2016,9.6,0.055,0,1.67,,,,
11/14/2016,9.2,0.055,0,1.58,,,,
11/15/2016,8.3,0.055,0,1.86,,,,
11/16/2016,1.7,0.048666667,0,0.77,,,,
11/17/2016,-1.2,0.042333333,0.8,0.9,,,,
11/18/2016,-1.2,0.036,0,1.27,,,,
11/19/2016,0.7,0.036,0,1.38,,,,
11/20/2016,2.2,0.036,0,1.56,,,,
11/21/2016,4,0.036,0,1.64,,,,
11/22/2016,3.9,0.036,0,1.72,,,,
11/23/2016,1.9,0.036,0,2.09,,,,
11/24/2016,1.5,0.036,0,1.66,,,,
11/25/2016,2.8,0.036,0,1.7,,,,
11/26/2016,1.8,0.036,0,1.86,,,,
11/27/2016,3.1,0.036,0,1.71,,,,
11/28/2016,3.4,0.036,0,2.04,,,,
11/29/2016,4.9,0.036,0,1.87,,,,
11/30/2016,4.3,0.036,1.2,1,,,,
12/1/2016,-0.4,0.029666667,8.6,0.16,,,,
12/2/2016,-3.1,0.023333333,2.6,0.49,,,,
12/3/2016,-0.7,0.023333333,0.2,1.32,,,,
12/4/2016,3.2,0.029666667,0.2,0.86,,,,
12/5/2016,1,0.029666667,0,1.04,,,,
12/6/2016,-1.9,0.023333333,0.2,1.1,,,,
12/7/2016,0.3,0.023333333,0,1.54,,,,
12/8/2016,-2.2,0.029666667,0,0.89,,,,
12/9/2016,-3.4,0.036,0,1.38,,,,
12/10/2016,0.8,0.042333333,0,2.16,,,,
12/11/2016,2.1,0.048666667,0,1.65,,,,
12/12/2016,3.2,0.055,0,1.02,,,,
12/13/2016,2.2,0.04,0,0.31,,,,
12/14/2016,-5.6,0.027333333,18.8,0.46,,,,
12/15/2016,-11.2,0.021,0.4,0.65,,,,
12/16/2016,-9.1,0.029666667,1.8,0.66,,,,
12/17/2016,-8.3,0.042333333,1,0.42,,,,
12/18/2016,-9.4,0.048666667,0,0.57,,,,
12/19/2016,-14,0.071,0,0.71,,,,
12/20/2016,-10.8,0.071,0,0.85,,,,
12/21/2016,-7.8,0.102666667,0.2,0.48,,,,
12/22/2016,-3,0.102666667,2,0.45,,,,
12/23/2016,-1.3,0.118666667,2.8,0.27,,,,
12/24/2016,-0.9,0.087,1.4,0.39,,,,
12/25/2016,-2.2,0.087,2,0.37,,,,
12/26/2016,-2.5,0.071,0,0.39,,,,
12/27/2016,-2.2,0.071,5,0.34,,,,
12/28/2016,-3,0.048666667,0.2,0.81,,,,
12/29/2016,1.1,0.048666667,3.4,1.47,,,,
12/30/2016,0.3,0.048666667,15,0.56,,,,
12/31/2016,-2.7,0.055,22.6,0.42,,,,
1/1/2017,-6.8,0.055,0,0.61,,,,
1/2/2017,-7.2,0.055,0,0.56,,,,
1/3/2017,-5.2,0.071,0,0.75,,,,
1/4/2017,-7.2,0.071,0,0.78,,,,
1/5/2017,-1.2,0.102666667,0,1.04,,,,
1/6/2017,3.4,0.118333333,0,1.58,,,,
1/7/2017,2.7,0.118333333,0,1.87,,,,
1/8/2017,0.2,0.086666667,0.6,1.19,,,,
1/9/2017,-5.8,0.055,6.2,0.72,,,,
1/10/2017,-5.8,0.048666667,0,1.2,,,,
1/11/2017,-0.6,0.048666667,2.4,0.8,,,,
1/12/2017,-2.8,0.048666667,0,0.91,,,,
1/13/2017,-3.5,0.055,4.4,1.11,,,,
1/14/2017,-5.5,0.055,0,0.86,,,,
1/15/2017,-3.8,0.071,0,0.96,,,,
1/16/2017,-0.7,0.162666667,0,0.76,,,,
1/17/2017,0.1,0.234333333,0,0.85,,,,
1/18/2017,0.6,0.27,0,1.18,,,,
1/19/2017,0,0.23,0,0.96,,,,
1/20/2017,-4,0.19,0,1.13,,,,
1/21/2017,-2.8,0.19,0,0.83,,,,
1/22/2017,-7,0.17,0,0.93,,,,
1/23/2017,-5.6,0.17,0,0.82,,,,
1/24/2017,-3.5,0.15,0,1.11,,,,
1/25/2017,2.4,0.19,0,1.63,,,,
1/26/2017,-2.7,0.23,0,0.84,,,,
1/27/2017,-7.8,0.27,1.4,0.56,,,,
1/28/2017,-9.9,0.27,0.2,0.84,,,,
1/29/2017,-9.7,0.25,0,0.73,,,,
1/30/2017,-10,0.25,0,0.83,,,,
1/31/2017,-11.4,0.25,0,0.7,,,,
2/1/2017,-12.7,0.25,0,1.13,,,,
2/2/2017,-11,0.25,0,1.08,,,,
2/3/2017,-4.7,0.21,0,1.5,,,,
2/4/2017,-1.6,0.23,0,1.18,,,,
2/5/2017,1.1,0.21,0,1.1,,,,
2/6/2017,1.6,0.21,0.6,0.78,,,,
2/7/2017,2.4,0.19,0,1.2,,,,
2/8/2017,4,0.132,0,1.96,,,,
2/9/2017,3.4,0.100333333,0,1.35,,,,
2/10/2017,1.3,0.048666667,0,1.34,,,,
2/11/2017,-1.8,0.055,0,1.07,,,,
2/12/2017,-1,0.055,0,0.9,,,,
2/13/2017,-4.5,0.055,0,0.9,,,,
2/14/2017,-5.7,0.055,0,1.07,,,,
2/15/2017,-7.4,0.055,0,0.72,,,,
2/16/2017,-6.1,0.048666667,0,0.93,,,,
2/17/2017,-6.3,0.048666667,0,1.14,,,,
2/18/2017,-3.6,0.064666667,0,1.48,,,,
2/19/2017,-0.1,0.071,0,1.43,,,,
2/20/2017,-0.1,0.071,0,1.57,,,,
2/21/2017,2,0.055,0,1.76,,,,
2/22/2017,2.9,0.071,0,1.71,,,,
2/23/2017,3.4,0.087,0,1.98,,,,
2/24/2017,3.1,0.103,0,1.81,,,,
2/25/2017,4.3,0.118666667,0,1.68,,,,
2/26/2017,4.3,0.134333333,0,1.66,,,,
2/27/2017,4.9,0.15,0,1.61,,,,
2/28/2017,6.8,0.17,0,2.15,,,,
3/1/2017,8.9,0.19,0,2.53,,,,
3/2/2017,7.2,0.287333333,0,2.29,,,,
3/3/2017,4.1,0.364666667,13,1.5,,,,
3/4/2017,3.6,0.442,1,0.99,,,,
3/5/2017,2,0.442,1.4,1.85,,,,
3/6/2017,5.2,0.442,0,2.71,,,,
3/7/2017,6.8,0.479333333,0,2.62,,,,
3/8/2017,7.1,0.516666667,0,2.95,,,,
3/9/2017,8.7,0.516666667,0,3.36,,,,
3/10/2017,7.7,0.516666667,0,2.14,,,,
3/11/2017,4.2,0.591333333,6,1.2,,,,
3/12/2017,3,0.777333333,0.6,0.78,,,,
3/13/2017,4.2,1.039333333,35,1.83,,,,
3/14/2017,2.2,1.19,0,1.25,,,,
3/15/2017,-0.5,1.226666667,4,0.83,,,,
3/16/2017,0.4,1.113333333,0,1.32,,,,
3/17/2017,0,1,0.2,1.41,,,,
3/18/2017,-2.1,0.926666667,2.4,1.43,,,,
3/19/2017,0.7,0.852666667,0.6,2.92,,,,
3/20/2017,4,0.815333333,0,1.66,,,,
3/21/2017,5.9,0.815333333,3.2,2.38,,,,
3/22/2017,6.9,0.852666667,0,2.92,,,,
3/23/2017,4.6,0.926666667,0,3.08,,,,
3/24/2017,5.3,0.963333333,0,3.17,,,,
3/25/2017,7,1,0,3.73,,,,
3/26/2017,9.5,0.963333333,0,3.35,,,,
3/27/2017,8.4,0.926666667,0,2.94,,,,
3/28/2017,5.3,0.852666667,2.4,1.19,,,,
3/29/2017,5.7,0.815333333,0,3.39,,,,
3/30/2017,8.7,0.815333333,0,3.24,,,,
3/31/2017,5.3,0.815333333,0.8,1.35,,,,
4/1/2017,5.6,0.852666667,6.6,2.29,,,,
4/2/2017,5.9,0.852666667,0.8,1.73,,,,
4/3/2017,7.1,0.89,0.2,3.73,,,,
4/4/2017,9.8,0.89,0,4.15,,,,
4/5/2017,12.5,0.89,0,4.52,,,,
4/6/2017,11.9,0.89,0,4.26,,,,
4/7/2017,9,0.963333333,0.6,3.45,,,,
4/8/2017,6.5,1.076666667,0.2,2.94,,,,
4/9/2017,1.4,1.15,15.8,1.41,,,,
4/10/2017,2.2,1.15,0.4,2.17,,,,
4/11/2017,1,1.11,0,3.58,,,,
4/12/2017,8.8,1.11,0,2.8,,,,
4/13/2017,8.2,1.11,1.4,1.42,,,,
4/14/2017,7.9,1.15,2.4,1.68,,,,
4/15/2017,7.6,1.326666667,40.4,1.92,,,,
4/16/2017,9,1.626666667,1.4,3.57,,,,
4/17/2017,9.9,1.823333333,0,4.28,,,,
4/18/2017,9.9,1.883333333,0,3.73,,,,
4/19/2017,9.5,1.82,0,3.56,,,,
4/20/2017,10.8,1.82,0.4,4.57,,,,
4/21/2017,12.2,1.82,0,3.9,,,,
4/22/2017,12.1,1.883333333,0,5.91,,,,
4/23/2017,12.5,1.946666667,0,6.42,,,,
4/24/2017,4.5,1.946666667,0,3.86,,,,
4/25/2017,7.3,1.883333333,0,4.36,,,,
4/26/2017,9.5,1.883333333,0,5,,,,
4/27/2017,12.1,1.946666667,0,5.12,,,,
4/28/2017,13.5,2.01,0,4.9,,,,
4/29/2017,14.4,2.01,0,4.93,,,,
4/30/2017,15.7,2.07,0,6.29,,,,
5/1/2017,14.3,2.006666667,0,2.89,,,,
5/2/2017,11.7,1.943333333,0,3.28,,,,
5/3/2017,12,1.82,0,3.22,,,,
5/4/2017,11.7,1.82,0,2.54,,,,
5/5/2017,14.2,1.82,0,4.1,,,,
5/6/2017,13.2,1.696666667,0.4,3.76,,,,
5/7/2017,10.1,1.573333333,0.4,2.72,,,,
5/8/2017,13.6,1.413333333,1,5.14,,,,
5/9/2017,15.7,1.476666667,4.2,4.22,,,,
5/10/2017,19.9,1.6,0,8.31,,,,
5/11/2017,14.5,1.636666667,0,5.34,,,,
5/12/2017,14.8,1.573333333,0,5.92,,,,
5/13/2017,18.4,1.513333333,0,6.8,,,,
5/14/2017,21.7,1.513333333,0,8.31,,,,
5/15/2017,16.1,1.576666667,0,5.97,,,,
5/16/2017,13.5,1.363333333,0,5.3,,,,
5/17/2017,14.1,1.139333333,0,5.24,,,,
5/18/2017,14.3,0.889333333,0.2,3.55,,,,
5/19/2017,12.8,0.852666667,0,4,,,,
5/20/2017,8.8,0.89,3.4,0.98,,,,
5/21/2017,11.3,0.89,13.6,4.57,,,,
5/22/2017,9.2,0.89,0,2.2,,,,
5/23/2017,8.3,0.89,7,1.61,,,,
5/24/2017,10.9,0.89,1.6,3.46,,,,
5/25/2017,12.2,0.89,0,4.19,,,,
5/26/2017,12.6,0.89,0.2,3.76,,,,
5/27/2017,11.1,0.89,9,3.24,,,,
5/28/2017,11.2,0.926666667,10.2,4.03,,,,
5/29/2017,13.7,0.963333333,2.6,5.33,,,,
5/30/2017,13.1,1,0,4.33,,,,
5/31/2017,12.4,1,1.4,3.29,,,,
6/1/2017,12.7,0.926,3.8,3.34,,,,
6/2/2017,15.1,0.852,1.6,4.56,,,,
6/3/2017,17.2,0.778,0,4.85,,,,
6/4/2017,17.4,0.778,0,4.45,,,,
6/5/2017,16.7,0.778,0.6,5.76,,,,
6/6/2017,16.2,0.703333333,0,5.85,,,,
6/7/2017,18.6,0.666,0,6.54,,,,
6/8/2017,20.6,0.666,0,6.87,,,,
6/9/2017,21.4,0.740666667,0,7.57,,,,
6/10/2017,17.2,0.740666667,0,5.02,,,,
6/11/2017,17.2,0.666,0,5.68,,,,
6/12/2017,18.8,0.591333333,0,6.52,,,,
6/13/2017,19.1,0.479333333,0,6.05,,,,
6/14/2017,14.7,0.404666667,2.2,2.98,,,,
6/15/2017,16.9,0.33,0.2,5.16,,,,
6/16/2017,17.6,0.33,0,5.64,,,,
6/17/2017,17,0.29,0,4.7,,,,
6/18/2017,17.7,0.25,1.6,4.66,,,,
6/19/2017,16.6,0.21,0,4.95,,,,
6/20/2017,13,0.21,5.8,1.99,,,,
6/21/2017,12.7,0.23,0,3.09,,,,
6/22/2017,16.2,0.25,3.4,4.07,,,,
6/23/2017,17.5,0.27,0,4.58,,,,
6/24/2017,19.5,0.25,0,6.76,,,,
6/25/2017,21.1,0.23,0,6.99,,,,
6/26/2017,22.1,0.21,0,7.09,,,,
6/27/2017,23.8,0.19,0,7.57,,,,
6/28/2017,24.6,0.17,0,7.81,,,,
6/29/2017,24.2,0.134333333,0,7.88,,,,
6/30/2017,23,0.102666667,0,8.41,,,,
7/1/2017,24.7,0.058333333,0,7.84,,,,
7/2/2017,26.1,0.029666667,0,8.01,,,,
7/3/2017,26.9,0.023333333,0,7.8,,,,
7/4/2017,26.8,0.023333333,0,8.41,,,,
7/5/2017,23.4,0.029666667,0,6.73,,,,
7/6/2017,23.4,0.029666667,0,7.53,,,,
7/7/2017,20.6,0.036,0,6.9,,,,
7/8/2017,20.2,0.042333333,0,6.68,,,,
7/9/2017,21.3,0.064666667,0,7.16,,,,
7/10/2017,23.2,0.087,0,7.8,,,,
7/11/2017,23.1,0.087,0,7.7,,,,
7/12/2017,23.8,0.058333333,0,7.62,,,,
7/13/2017,23.3,0.036,0,7.68,,,,
7/14/2017,23.6,0.023333333,0,7.93,,,,
7/15/2017,24.3,0.023333333,0,7.53,,,,
7/16/2017,24.1,0.023333333,0,6.47,,,,
7/17/2017,24.8,0.036,1,6.88,,,,
7/18/2017,24.8,0.048666667,0,6.92,,,,
7/19/2017,22.5,0.055,0,6.34,,,,
7/20/2017,23.5,0.071,0,6.12,,,,
7/21/2017,24.5,0.087,0,7.04,,,,
7/22/2017,24.8,0.087,0,7.67,,,,
7/23/2017,24.4,0.064666667,0,7.78,,,,
7/24/2017,23.1,0.042333333,0,7.27,,,,
7/25/2017,22.8,0.036,0,7.26,,,,
7/26/2017,24.9,0.029666667,0,8,,,,
7/27/2017,26.4,0.023333333,0,7.87,,,,
7/28/2017,23.9,0.017,0,6.5,,,,
7/29/2017,20.9,0.014666667,0,7.13,,,,
7/30/2017,22.3,0.021,0,6.63,,,,
7/31/2017,22.8,0.027333333,0,7.24,,,,
8/1/2017,22.5,0.074,0,7.28,,,,
8/2/2017,24.7,0.132,0,6.98,,,,
8/3/2017,23.7,0.19,0,5.87,,,,
8/4/2017,19,0.158333333,0,3.94,,,,
8/5/2017,19.2,0.088333333,0.8,5.57,,,,
8/6/2017,21.8,0.018333333,0,6.06,,,,
8/7/2017,22.8,0.018333333,0,6.81,,,,
8/8/2017,24.9,0.052666667,0,7.5,,,,
8/9/2017,27.3,0.071,0,7.97,,,,
8/10/2017,25.7,0.052666667,0,6.94,,,,
8/11/2017,25.2,0.024,0,8.23,,,,
8/12/2017,25,0.017666667,0,6.42,,,,
8/13/2017,24.6,0.017666667,0,6.5,,,,
8/14/2017,24.4,0.012,0,6.38,,,,
8/15/2017,23.8,0,0,6.58,,,,
8/16/2017,23.2,0,0,5.51,,,,
8/17/2017,23.5,0,0,5.66,,,,
8/18/2017,22.7,0,0,4.61,,,,
8/19/2017,21.6,0,0,4.39,,,,
8/20/2017,22.3,0.018333333,16,5.21,,,,
8/21/2017,21.8,0.052666667,0,4.77,,,,
8/22/2017,21.4,0.071,0,5.02,,,,
8/23/2017,20.5,0.071,0,5.41,,,,
8/24/2017,21.1,0.048666667,0,5.9,,,,
8/25/2017,21.2,0.036,0,6.1,,,,
8/26/2017,19.3,0.021,0,5.74,,,,
8/27/2017,20.3,0.014666667,0,5.56,,,,
8/28/2017,20.2,0.012333333,0,5.77,,,,
8/29/2017,20.5,0.014666667,0,6.06,,,,
8/30/2017,21.4,0.012333333,0,5.8,,,,
8/31/2017,18.8,0.012333333,0,4.33,,,,
9/1/2017,19.4,0.018666667,0,4.94,,,,
9/2/2017,20.6,0.021,0,6.38,,,,
9/3/2017,21.1,0.021,0,6.08,,,,
9/4/2017,22.8,0.014666667,0,6.3,,,,
9/5/2017,23.4,0.012333333,0,5.8,,,,
9/6/2017,20,0.012333333,0,4.87,,,,
9/7/2017,15.7,0.01,0,5.37,,,,
9/8/2017,17.6,0.018666667,0,5.49,,,,
9/9/2017,21.3,0.021,0,6.11,,,,
9/10/2017,21.8,0.021,0,6.14,,,,
9/11/2017,22.3,0.012333333,0,5.94,,,,
9/12/2017,23.9,0.012333333,0,6.18,,,,
9/13/2017,24.2,0.012333333,0,5.56,,,,
9/14/2017,23.8,0.009,0,5.63,,,,
9/15/2017,23.4,0.003333333,0,6.45,,,,
9/16/2017,25.3,0,0,6.36,,,,
9/17/2017,25.6,0,0,6.45,,,,
9/18/2017,24.8,0,0,6.31,,,,
9/19/2017,23.3,0,0,5.74,,,,
9/20/2017,22.1,0,0,5.9,,,,
9/21/2017,23.8,0,0,5.9,,,,
9/22/2017,20,0,0,4.28,,,,
9/23/2017,16.4,0,0,4.19,,,,
9/24/2017,15.9,0,0,4.46,,,,
9/25/2017,17,0,0,4.52,,,,
9/26/2017,19,0,0,3.71,,,,
9/27/2017,17.1,0,0,3.94,,,,
9/28/2017,16.4,0,0,4.3,,,,
9/29/2017,16.6,0,0,3.41,,,,
9/30/2017,15.1,0.003333333,0,2.75,,,,
10/1/2017,13.05972917,0.009,0.254,2.7,,,,
10/2/2017,10.87402778,0.014666667,0,2.47,,,,
10/3/2017,10.00066667,0.017,0,2.69,,,,
10/4/2017,9.9540625,0.017,0,3.39,,,,
10/5/2017,9.685097222,0.023333333,0,3.53,,,,
10/6/2017,11.31366667,0.029666667,0,3.66,,,,
10/7/2017,13.88952083,0.029666667,0,4.09,,,,
10/8/2017,15.85777778,0.023333333,0,4.63,,,,
10/9/2017,12.25861111,0.023333333,1.27,2.63,,,,
10/10/2017,9.539569444,0.029666667,0,2.08,,,,
10/11/2017,9.143701389,0.036,0,2.59,,,,
10/12/2017,9.861083333,0.036,0,2.96,,,,
10/13/2017,9.984229167,0.036,0,3.13,,,,
10/14/2017,9.895819444,0.036,0,3.31,,,,
10/15/2017,9.668034722,0.029666667,0,3.1,,,,
10/16/2017,9.345881944,0.029666667,0,2.17,,,,
10/17/2017,10.14328472,0.029666667,0,3.12,,,,
10/18/2017,10.99009028,0.036,0,3.08,,,,
10/19/2017,11.79160417,0.036,0,3.12,,,,
10/20/2017,12.31672917,0.029666667,0,3.67,,,,
10/21/2017,12.36636111,0.023333333,0,3.36,,,,
10/22/2017,12.55776389,0.023333333,0,3.12,,,,
10/23/2017,12.10242361,0.029666667,0,3.23,,,,
10/24/2017,14.10402778,0.036,0,4.42,,,,
10/25/2017,12.17020833,0.029666667,0.508,2.44,,,,
10/26/2017,10.56845833,0.029666667,0.254,2.06,,,,
10/27/2017,9.888395833,0.029666667,0,2.33,,,,
10/28/2017,12.08784722,0.036,0,3.47,,,,
10/29/2017,8.87175,0.036,0.254,2,,,,
10/30/2017,7.730083333,0.036,0,1.81,,,,
10/31/2017,6.152076389,0.036,0,1.8,,,,
11/1/2017,2.962833333,0.042333333,0,1.47,,,,
11/2/2017,2.768486111,0.048666667,0,1.86,,,,
11/3/2017,5.118583333,0.055,0,2.1,,,,
11/4/2017,5.913916667,0.055,0,1.43,,,,
11/5/2017,4.590673611,0.055,31.24,1.28,,,,
11/6/2017,5.164645833,0.055,0,1.33,,,,
11/7/2017,5.965291667,0.055,0,1.43,,,,
11/8/2017,5.642277778,0.055,0,1.29,,,,
11/9/2017,5.061027778,0.055,0,1.23,,,,
11/10/2017,7.1704375,0.055,0,1.21,,,,
11/11/2017,6.408756944,0.055,0,0.96,,,,
11/12/2017,6.811673611,0.055,0,1.35,,,,
11/13/2017,8.243027778,0.055,0,1.67,,,,
11/14/2017,10.09338889,0.055,0,1.9,,,,
11/15/2017,8.482826389,0.055,0,1.37,,,,
11/16/2017,7.990972222,0.055,0,1.37,,,,
11/17/2017,8.642972222,0.055,0,1.81,,,,
11/18/2017,8.907590278,0.055,0,2.15,,,,
11/19/2017,9.195388889,0.055,0,2.43,,,,
11/20/2017,5.361972222,0.055,0,1.31,,,,
11/21/2017,-0.014020833,0.071,6.604,0.99,,,,
11/22/2017,-4.092041667,0.087,4.064,0.94,,,,
11/23/2017,0.334590278,0.087,2.032,1.15,,,,
11/24/2017,1.695361111,0.071,0,0.99,,,,
11/25/2017,1.6083125,0.055,0,0.9,,,,
11/26/2017,2.885145833,0.046666667,0,1.11,,,,
11/27/2017,3.585041667,0.062666667,0,1.24,,,,
11/28/2017,4.487534722,0.062666667,0.508,1.05,,,,
11/29/2017,3.999152778,0.071,1.27,0.98,,,,
11/30/2017,2.6389375,0.071,0,0.98,,,,
12/1/2017,4.506458333,0.087,0.254,1.16,,,,
12/2/2017,6.798763889,0.103,0,1.41,,,,
12/3/2017,9.223305556,0.103,0,1.62,,,,
12/4/2017,8.326006944,0.103,0,1.74,,,,
12/5/2017,4.395659722,0.103,4.826,1.56,,,,
12/6/2017,-3.732340278,0.103,0,0.54,,,,
12/7/2017,-5.787090278,0.103,7.366,0.82,,,,
12/8/2017,-1.934631944,0.138666667,0,0.83,,,,
12/9/2017,0.07475,0.154333333,0,0.94,,,,
12/10/2017,0.701743056,0.154333333,0,1.02,,,,
12/11/2017,3.713368056,0.118666667,0,1.08,,,,
12/12/2017,7.443479167,0.103,0,1.44,,,,
12/13/2017,7.310125,0.103,0,1.78,,,,
12/14/2017,4.507736111,0.103,0,1.19,,,,
12/15/2017,3.779708333,0.118666667,0,1,,,,
12/16/2017,4.135458333,0.118666667,0,0.83,,,,
12/17/2017,5.054423611,0.118666667,0.508,0.86,,,,
12/18/2017,5.451270833,0.103,0,1.02,,,,
12/19/2017,5.354784722,0.103,4.826,0.82,,,,
12/20/2017,5.774826389,0.103,6.35,0.84,,,,
12/21/2017,5.638881944,0.103,0.254,1.14,,,,
12/22/2017,7.569555556,0.103,4.064,1.58,,,,
12/23/2017,9.914326389,0.103,0,3.02,,,,
12/24/2017,-1.873625,0.118666667,0,0.48,,,,
12/25/2017,-1.652125,0.102666667,2.794,0.4,,,,
12/26/2017,4.296791667,0.086666667,0,0.78,,,,
12/27/2017,5.953979167,0.071,0,1.14,,,,
12/28/2017,3.881194444,0.071,0,1.5,,,,
12/29/2017,4.558965278,0.071,0,1.99,,,,
12/30/2017,3.026229167,0.055,0,1.05,,,,
12/31/2017,1.049541667,0.055,4.572,0.5,,,,
1/1/2018,-0.159090278,0.055,6.604,0.67,,,,
1/2/2018,1.600027778,0.055,2.54,1.1,,,,
1/3/2018,2.778625,0.055,3.048,1.19,,,,
1/4/2018,0.06875,0.055,13.21,0.2,,,,
1/5/2018,0.250104167,0.055,3.048,0.5,,,,
1/6/2018,0.864791667,0.055,4.826,0.67,,,,
1/7/2018,1.600944444,0.055,0,0.98,,,,
1/8/2018,3.512416667,0.055,0,1.28,,,,
1/9/2018,4.228576389,0.055,0,1.68,,,,
1/10/2018,2.418729167,0.055,0,1.1,,,,
1/11/2018,4.036722222,0.055,0,1.82,,,,
1/12/2018,2.399173611,0.055,0,0.96,,,,
1/13/2018,1.853430556,0.055,0,1.08,,,,
1/14/2018,0.540756944,0.055,3.556,0.3,,,,
1/15/2018,-1.82525,0.048666667,0,0.41,,,,
1/16/2018,-1.072513889,0.048666667,2.286,0.89,,,,
1/17/2018,0.084875,0.048666667,0.254,0.75,,,,
1/18/2018,1.293215278,0.071,2.032,1.71,,,,
1/19/2018,-6.677215278,0.102666667,1.27,0.58,,,,
1/20/2018,-2.980069444,0.134333333,3.556,0.85,,,,
1/21/2018,0.113638889,0.134333333,0,0.75,,,,
1/22/2018,0.74375,0.102666667,0,1.2,,,,
1/23/2018,-0.957909722,0.071,8.64,0.45,,,,
1/24/2018,-2.830534722,0.055,0.762,0.41,,,,
1/25/2018,-5.620430556,0.055,0,0.31,,,,
1/26/2018,-5.455951389,0.086666667,0,0.24,,,,
1/27/2018,-4.8811875,0.080333333,1.016,0.21,,,,
1/28/2018,-5.057583333,0.074,1.27,0.31,,,,
1/29/2018,-6.9418125,0.042333333,0.508,0.69,,,,
1/30/2018,-2.00525,0.080333333,10.41,0.87,,,,
1/31/2018,0.899881944,0.102666667,0,1.27,,,,
2/1/2018,-0.703951389,0.134333333,0,1.04,,,,
2/2/2018,-0.236736111,0.118666667,0,1.16,,,,
2/3/2018,2.596770833,0.102666667,1.27,1.05,,,,
2/4/2018,3.311979167,0.087,0,0.92,,,,
2/5/2018,5.611611111,0.087,0,1.58,,,,
2/6/2018,3.64325,0.103,0,1.42,,,,
2/7/2018,4.187645833,0.103,0,1.48,,,,
2/8/2018,6.793861111,0.103,0,1.72,,,,
2/9/2018,6.008409722,0.103,0,1.72,,,,
2/10/2018,5.988958333,0.103,0.254,1.84,,,,
2/11/2018,11.31515972,0.118666667,0.254,4.63,,,,
2/12/2018,4.554756944,0.194333333,0,1.51,,,,
2/13/2018,1.734444444,0.27,1.016,1.15,,,,
2/14/2018,1.851847222,0.33,0,1.34,,,,
2/15/2018,3.440861111,0.31,0.254,1.69,,,,
2/16/2018,3.797034722,0.27,0,1.65,,,,
2/17/2018,4.441215278,0.23,0,1.23,,,,
2/18/2018,1.155895833,0.21,0,1.39,,,,
2/19/2018,3.486930556,0.21,0,2.09,,,,
2/20/2018,3.768875,0.19,1.016,1.74,,,,
2/21/2018,3.679006944,0.17,0,1.55,,,,
2/22/2018,3.707458333,0.17,0,1.51,,,,
2/23/2018,3.983951389,0.19,0,2.02,,,,
2/24/2018,4.290548611,0.21,0,2.05,,,,
2/25/2018,1.746715278,0.21,2.032,1.37,,,,
2/26/2018,0.935173611,0.21,2.286,1.16,,,,
2/27/2018,3.324895833,0.19,5.588,1.89,,,,
2/28/2018,3.902173611,0.19,0.508,2.49,,,,
3/1/2018,1.787305556,0.19,0.254,1.02,,,,
3/2/2018,3.598652778,0.23,0,2.25,,,,
3/3/2018,5.704152778,0.23,0,1.84,,,,
3/4/2018,5.602375,0.23,0,1.22,,,,
3/5/2018,7.147729167,0.23,0,2.27,,,,
3/6/2018,7.534965278,0.23,5.08,2.69,,,,
3/7/2018,8.510673611,0.23,0,2.65,,,,
3/8/2018,9.1499375,0.21,14.73,3.53,,,,
3/9/2018,2.934701389,0.25,11.94,1.32,,,,
3/10/2018,4.438722222,0.27,0,1.87,,,,
3/11/2018,6.506055556,0.29,0,2.7,,,,
3/12/2018,8.062465278,0.27,0,2.56,,,,
3/13/2018,6.950951389,0.27,0,2.54,,,,
3/14/2018,6.479083333,0.29,0,2.65,,,,
3/15/2018,4.857194444,0.31,1.778,2.04,,,,
3/16/2018,2.1071875,0.31,4.572,1.87,,,,
3/17/2018,7.366208333,0.29,0,3.38,,,,
3/18/2018,10.3273125,0.25,0,3.48,,,,
3/19/2018,12.30245139,0.25,0.254,4.9,,,,
3/20/2018,12.35850694,0.23,0,4.27,,,,
3/21/2018,8.984041667,0.23,0,3.6,,,,
3/22/2018,10.41897917,0.21,0,3.67,,,,
3/23/2018,17.39284722,0.23,0,7.39,,,,
3/24/2018,11.62604167,0.27,0,5.39,,,,
3/25/2018,5.4505625,0.31,0,2.47,,,,
3/26/2018,8.223388889,0.31,0,3.46,,,,
3/27/2018,11.96772917,0.29,0,5.5,,,,
3/28/2018,10.96919444,0.327333333,0.508,4.03,,,,
3/29/2018,8.336777778,0.422,37.85,3.59,,,,
3/30/2018,2.4955,0.628666667,2.286,0.95,,,,
3/31/2018,6.378756944,0.778,0,3.11,,,,
4/1/2018,9.516395833,0.852666667,0,3.56,,,,
4/2/2018,7.013395833,0.815333333,0,3.79,,,,
4/3/2018,5.218347222,0.740666667,0,3.46,,,,
4/4/2018,6.718868056,0.666,0,3.95,,,,
4/5/2018,10.6098125,0.591333333,0,4.27,,,,
4/6/2018,12.66176389,0.554,0,4.76,,,,
4/7/2018,13.96715278,0.554,0,5.41,,,,
4/8/2018,11.94811111,0.554,3.048,4.12,,,,
4/9/2018,8.266611111,0.591333333,26.67,2.47,,,,
4/10/2018,6.742277778,0.74,13.46,2.4,,,,
4/11/2018,9.901465278,0.925333333,7.62,2.99,,,,
4/12/2018,11.47695833,1.036666667,3.302,2.96,,,,
4/13/2018,12.86347222,1.036666667,0,3.92,,,,
4/14/2018,13.440625,1,0,3.47,,,,
4/15/2018,11.655125,0.926,0,4.47,,,,
4/16/2018,11.06483333,0.777333333,0,4.69,,,,
4/17/2018,13.01152778,0.666,0,5,,,,
4/18/2018,15.64715278,0.591333333,0,5.15,,,,
4/19/2018,15.36715278,0.591333333,0,5.19,,,,
4/20/2018,9.432944444,0.628666667,4.064,2.48,,,,
4/21/2018,4.185569444,0.740666667,3.302,1.42,,,,
4/22/2018,5.587236111,0.815333333,0,3.61,,,,
4/23/2018,11.58657639,0.778,0,4.55,,,,
4/24/2018,13.25326389,0.666,0,4.4,,,,
4/25/2018,13.90174648,0.591333333,0,4.95,,,,
4/26/2018,14.94763889,0.554,0,4.96,,,,
4/27/2018,13.27451389,0.554,5.334,3.2,,,,
4/28/2018,14.73090278,0.516666667,0,5.13,,,,
4/29/2018,14.97173611,0.479333333,0,5.36,,,,
4/30/2018,14.76215278,0.442,0,4.18,,,,
5/1/2018,14.97583333,0.442,0,4.97,,,,
5/2/2018,12.91180556,0.442,3.048,4.13,,,,
5/3/2018,13.19477083,0.442,1.016,3.78,,,,
5/4/2018,16.57055556,0.479333333,0,5.48,,,,
5/5/2018,13.99888889,0.479333333,0,3.22,,,,
5/6/2018,13.57590278,0.442,0,5.37,,,,
5/7/2018,10.30056944,0.442,2.54,3.03,,,,
5/8/2018,9.282125,0.479333333,3.048,3.37,,,,
5/9/2018,9.706,0.516666667,5.842,2.48,,,,
5/10/2018,10.75104167,0.516666667,5.334,3.41,,,,
5/11/2018,9.66375,0.516666667,1.524,2.2,,,,
5/12/2018,9.283465278,0.554,12.19,2,,,,
5/13/2018,9.946472222,0.666,8.64,2.98,,,,
5/14/2018,12.16467361,0.778,0,4.93,,,,
5/15/2018,14.23541667,0.852666667,0,5.32,,,,
5/16/2018,15.96430556,0.778,0,5.32,,,,
5/17/2018,17.96291667,0.703333333,0,5.8,,,,
5/18/2018,17.18652778,0.628666667,1.27,5.05,,,,
5/19/2018,15.73006944,0.554,8.13,3.82,,,,
5/20/2018,15.17104167,0.516666667,25.91,3.86,,,,
5/21/2018,16.54618056,0.554,0,4.88,,,,
5/22/2018,17.06590278,0.591333333,0.508,5.02,,,,
5/23/2018,17.11826389,0.554,0,5.7,,,,
5/24/2018,18.37979167,0.479333333,0,6.21,,,,
5/25/2018,16.13319444,0.442,0,5.34,,,,
5/26/2018,14.32819444,0.442,0,4.68,,,,
5/27/2018,16.2575,0.442,0,6.51,,,,
5/28/2018,17.67868056,0.404666667,3.81,6.22,,,,
5/29/2018,13.33944444,0.442,6.858,3.06,,,,
5/30/2018,12.94395833,0.442,4.572,3.13,,,,
5/31/2018,12.37625,0.479333333,9.65,2.38,,,,
6/1/2018,12.051875,0.554,4.572,2.45,,,,
6/2/2018,12.45784722,0.703333333,24.38,2.49,,,,
6/3/2018,15.32479167,0.852666667,0,4.86,,,,
6/4/2018,16.16597222,0.852666667,0,4.54,,,,
6/5/2018,17.06590278,0.778,0,6.06,,,,
6/6/2018,17.49722222,0.628666667,0.254,5.05,,,,
6/7/2018,18.92229167,0.554,0,6.87,,,,
6/8/2018,19.88513889,0.554,0,6.66,,,,
6/9/2018,19.84569444,0.666,0,7.09,,,,
6/10/2018,20.55895833,0.666,0,6.39,,,,
6/11/2018,17.25194444,0.666,0.254,4.3,,,,
6/12/2018,16.90944444,0.666,2.286,4.44,,,,
6/13/2018,17.36986111,0.740666667,2.286,4.83,,,,
6/14/2018,17.97909722,0.778,0,6.21,,,,
6/15/2018,17.50972222,0.778,5.334,4.31,,,,
6/16/2018,16.15708333,0.740666667,0.254,2.06,,,,
6/17/2018,15.35756944,0.740666667,8.64,1.32,,,,
6/18/2018,14.13930556,0.778,19.3,0.66,,,,
6/19/2018,15.45513889,0.852666667,1.778,1.17,,,,
6/20/2018,15.98958333,0.852666667,0,1.21,,,,
6/21/2018,17.13444444,0.740666667,0.508,1.8,,,,
6/22/2018,17.404375,0.666,0.254,2.24,,,,
6/23/2018,18.53770833,0.591333333,0,3.03,,,,
6/24/2018,17.74347222,0.591333333,0.508,2.14,,,,
6/25/2018,18.43125,0.554,10.92,3.13,,,,
6/26/2018,19.63354167,0.554,0,5.79,,,,
6/27/2018,21.39326389,0.554,0,6.21,,,,
6/28/2018,21.43520833,0.516666667,0,6.54,,,,
6/29/2018,18.503125,0.479333333,0,6.21,,,,
6/30/2018,17.86166667,0.442,0,5.84,,,,
7/1/2018,20.08111111,0.370333333,0,6.5,,,,
7/2/2018,22.77368056,0.293,0,6.34,,,,
7/3/2018,23.58583333,0.235666667,0,7.65,,,,
7/4/2018,22.393125,0.25,0,7.71,,,,
7/5/2018,20.29069444,0.27,0,7.04,,,,
7/6/2018,20.28847222,0.27,0,6.93,,,,
7/7/2018,21.08798611,0.27,0,7.05,,,,
7/8/2018,22.34118056,0.27,0,7.13,,,,
7/9/2018,22.34576389,0.27,0,7.42,,,,
7/10/2018,22.29131944,0.27,0,6.99,,,,
7/11/2018,23.87326389,0.29,0,7.09,,,,
7/12/2018,22.87020833,0.27,0,6.35,,,,
7/13/2018,23.76583333,0.25,0,7.55,,,,
7/14/2018,21.12201389,0.25,0,6.25,,,,
7/15/2018,20.24013889,0.27,0,5.79,,,,
7/16/2018,19.77541667,0.29,0,6.8,,,,
7/17/2018,20.08604167,0.27,0,7.72,,,,
7/18/2018,22.09784722,0.27,0,7.15,,,,
7/19/2018,21.18534722,0.27,0,6.53,,,,
7/20/2018,20.21631944,0.25,0,5.53,,,,
7/21/2018,21.27465278,0.21,0,6.95,,,,
7/22/2018,21.7875,0.154333333,0,6.65,,,,
7/23/2018,21.28277778,0.154333333,0,7.42,,,,
7/24/2018,21.533125,0.154333333,0,6.19,,,,
7/25/2018,21.81416667,0.132,0,6.93,,,,
7/26/2018,20.034375,0.080333333,0,5.24,,,,
7/27/2018,21.10340278,0.042333333,0,5.83,,,,
7/28/2018,20.75125,0.036,0,5.16,,,,
7/29/2018,22.37569444,0.029666667,0,5.19,,,,
7/30/2018,23.13118056,0.029666667,0,5.43,,,,
7/31/2018,22.36701389,0.036,0,5.78,,,,
8/1/2018,21.80972222,0.074,0,5.71,,,,
8/2/2018,23.5,0.096333333,0,6.39,,,,
8/3/2018,22.18527778,0.09,0,5.92,,,,
8/4/2018,22.56805556,0.058333333,0,6.37,,,,
8/5/2018,20.69090278,0.036,1.524,4.58,,,,
8/6/2018,22.07229167,0.042333333,0,6.48,,,,
8/7/2018,22.37888889,0.036,0,6.84,,,,
8/8/2018,21.26694444,0.036,0,6.34,,,,
8/9/2018,19.35430556,0.029666667,0,5.67,,,,
8/10/2018,20.05048611,0.023333333,0,6.14,,,,
8/11/2018,19.01118056,0.023333333,0,5.4,,,,
8/12/2018,19.34625,0.029666667,0,6.53,,,,
8/13/2018,19.71409722,0.036,0,6.64,,,,
8/14/2018,19.77847222,0.036,0,6.95,,,,
8/15/2018,21.34993056,0.036,0,6.93,,,,
8/16/2018,22.66888889,0.036,0,7.21,,,,
8/17/2018,23.75770833,0.036,0,6.78,,,,
8/18/2018,22.80715278,0.036,0,6.55,,,,
8/19/2018,21.31548611,0.036,0,6.15,,,,
8/20/2018,19.96972222,0.036,0,6.65,,,,
8/21/2018,21.49451389,0.036,0,6.43,,,,
8/22/2018,22.15763889,0.036,0,6.12,,,,
8/23/2018,21.36763889,0.036,0,6.72,,,,
8/24/2018,23.62270833,0.036,0,6.69,,,,
8/25/2018,23.59861111,0.036,0,6.43,,,,
8/26/2018,22.16972222,0.036,0,5.75,,,,
8/27/2018,22.40597222,0.036,0,6.05,,,,
8/28/2018,21.796875,0.036,0,6.31,,,,
8/29/2018,20.765,0.036,0,5.29,,,,
8/30/2018,21.41930556,0.027333333,0,5.9,,,,
8/31/2018,23.05131944,0.018666667,0,6.38,,,,
9/1/2018,23.038125,0.012333333,0,6.63,,,,
9/2/2018,22.41361111,0.014666667,0,6.54,,,,
9/3/2018,21.38097222,0.017,0,6.27,,,,
9/4/2018,21.62006944,0.017,0,5.9,,,,
9/5/2018,22.23243056,0.017,0,5.76,,,,
9/6/2018,19.15520833,0.017,0,4.35,,,,
9/7/2018,17.145,0.017,0,4.18,,,,
9/8/2018,16.74402778,0.017,0,5.04,,,,
9/9/2018,17.00930556,0.017,0,5.02,,,,
9/10/2018,16.23791667,0.017,1.27,3.59,,,,
9/11/2018,16.44222222,0.017,0,1.87,,,,
9/12/2018,17.72381944,0.017,0,2.52,,,,
9/13/2018,21.89534722,0.017,0,6.65,,,,
9/14/2018,16.77569444,0.017,0,1.92,,,,
9/15/2018,15.58861111,0.017,0,1.98,,,,
9/16/2018,16.496875,0.017,0,2.23,,,,
9/17/2018,17.13375,0.017,0,2.63,,,,
9/18/2018,17.18423611,0.017,0,2.24,,,,
9/19/2018,17.76097222,0.017,0,2.17,,,,
9/20/2018,18.65159722,0.017,0,2.73,,,,
9/21/2018,18.28833333,0.017,0,3.06,,,,
9/22/2018,18.46638889,0.017,0,3.41,,,,
9/23/2018,18.95805556,0.017,0,3.31,,,,
9/24/2018,19.69784722,0.017,0,2.82,,,,
9/25/2018,20.25673611,0.017,0,3.5,,,,
9/26/2018,14.18680556,0.017,0,2.17,,,,
9/27/2018,13.72159722,0.023333333,0,3.68,,,,
9/28/2018,15.80215278,0.029666667,0,3.79,,,,
9/29/2018,17.57784722,0.029666667,0,4.02,,,,
9/30/2018,15.15069444,0.029666667,6.35,1.82,,,,
10/1/2018,17.28881944,0.036,5.08,4.481863495,,,,
10/2/2018,14.61381944,0.048666667,0,2.991640745,,,,
10/3/2018,15.50486111,0.055,0,3.209896719,,,,
10/4/2018,16.46173611,0.048666667,0,3.910731404,,,,
10/5/2018,13.71465278,0.042333333,0,3.212511695,,,,
10/6/2018,12.28002778,0.029666667,0,3.525306869,,,,
10/7/2018,13.45539583,0.023333333,0,3.393865638,,,,
10/8/2018,15.5375,0.023333333,0,3.184234082,,,,
10/9/2018,13.95756944,0.029666667,1.778,2.648973476,,,,
10/10/2018,11.95489583,0.036,0,2.062292853,,,,
10/11/2018,11.91381944,0.029666667,0,2.072808609,,,,
10/12/2018,11.14201389,0.023333333,14.224,1.820741359,,,,
10/13/2018,10.58033333,0.029666667,4.826,0.772881775,,,,
10/14/2018,11.81256944,0.036,0,1.118276743,,,,
10/15/2018,13.27859028,0.042333333,0,2.478904051,,,,
10/16/2018,13.87805556,0.042333333,1.27,1.896078151,,,,
10/17/2018,11.71763889,0.048666667,1.016,1.128603066,,,,
10/18/2018,13.20027778,0.055,0,2.336071415,,,,
10/19/2018,13.00375,0.055,4.064,2.382608123,,,,
10/20/2018,12.13673611,0.055,0.254,2.005219168,,,,
10/21/2018,10.65826389,0.055,2.286,1.670625433,,,,
10/22/2018,10.57458333,0.055,0,1.711359584,,,,
10/23/2018,11.90209722,0.055,0.254,1.784671277,,,,
10/24/2018,12.66472222,0.055,1.016,2.619111094,,,,
10/25/2018,7.344118056,0.055,5.334,1.865363189,,,,
10/26/2018,0.831243056,0.055,4.572,1.189640187,,,,
10/27/2018,4.818694444,0.055,0,1.926330935,,,,
10/28/2018,8.974958333,0.055,0,2.306117695,,,,
10/29/2018,11.0759375,0.055,0,2.698603106,,,,
10/30/2018,11.48869444,0.071,0,2.564701972,,,,
10/31/2018,11.48749306,0.087,0,2.610370636,,,,
11/1/2018,11.11148611,0.118666667,0,2.423746806,,,,
11/2/2018,10.548875,0.134333333,0,2.42924195,,,,
11/3/2018,9.331215278,0.15,0,2.085961119,,,,
11/4/2018,8.656423611,0.15,0,1.640324285,,,,
11/5/2018,7.660645833,0.15,0,1.783576223,,,,
11/6/2018,6.274416667,0.134333333,0,1.677272816,,,,
11/7/2018,6.442111111,0.118666667,0,1.507102939,,,,
11/8/2018,6.951548611,0.118666667,0,1.673315567,,,,
11/9/2018,6.6193125,0.118666667,0,1.663295481,,,,
11/10/2018,7.434569444,0.118666667,0,1.579911957,,,,
11/11/2018,6.485138889,0.087,2.794,1.169708338,,,,
11/12/2018,7.527423611,0.071,0,1.468963766,,,,
11/13/2018,6.070229167,0.055,0,1.279715011,,,,
11/14/2018,2.522888889,0.055,0,1.327126892,,,,
11/15/2018,0.277180556,0.055,0,1.272194179,,,,
11/16/2018,-2.013548611,0.055,3.048,0.672790822,,,,
11/17/2018,-0.250333333,0.071,4.064,0.95039219,,,,
11/18/2018,6.177520833,0.087,0,1.120433653,,,,
11/19/2018,7.645090278,0.103,0,1.581098764,,,,
11/20/2018,7.699319444,0.087,0,1.635176473,,,,
11/21/2018,7.901513889,0.071,0,1.117593311,,,,
11/22/2018,7.953583333,0.055,0.254,1.349673347,,,,
11/23/2018,5.591791667,0.055,1.524,0.788186192,,,,
11/24/2018,2.833152778,0.055,4.318,0.432121388,,,,
11/25/2018,2.113347222,0.055,0,0.92021534,,,,
11/26/2018,4.721847222,0.055,0,1.152792897,,,,
11/27/2018,6.525222222,0.055,1.016,0.841565379,,,,
11/28/2018,8.111159722,0.055,0,1.719153052,,,,
11/29/2018,7.660763889,0.055,1.524,1.520694599,,,,
11/30/2018,4.089861111,0.086666667,35.306,0.263743937,,,,
12/1/2018,3.322840278,0.138333333,0.254,0.57444376,,,,
12/2/2018,2.680673611,0.17,0.254,0.751047716,,,,
12/3/2018,4.845909722,0.17,0,0.970247967,,,,
12/4/2018,3.782013889,0.15,4.826,0.485595174,,,,
12/5/2018,3.179520833,0.15,0,0.491660812,,,,
12/6/2018,2.320104167,0.15,4.572,0.201502549,,,,
12/7/2018,0.914652778,0.17,6.096,0.383940308,,,,
12/8/2018,-0.484041667,0.19,0.508,0.480256043,,,,
12/9/2018,1.642229167,0.19,0,0.788895455,,,,
12/10/2018,5.396680556,0.17,0,1.555793238,,,,
12/11/2018,5.768388889,0.15,1.524,1.649978125,,,,
12/12/2018,0.410666667,0.17,4.318,0.421568408,,,,
12/13/2018,-3.771715278,0.17,2.794,0.752580109,,,,
12/14/2018,0.287361111,0.17,0,0.709415436,,,,
12/15/2018,2.372326389,0.15,0,0.670700033,,,,
12/16/2018,3.131715278,0.15,0,0.716106651,,,,
12/17/2018,3.065604167,0.15,0,0.525041646,,,,
12/18/2018,3.466347222,0.15,0.762,0.671078871,,,,
12/19/2018,0.700256944,0.17,19.304,0.216008097,,,,
12/20/2018,0.100513889,0.19,2.54,0.271888398,,,,
12/21/2018,0.823888889,0.19,0.254,0.629763548,,,,
12/22/2018,0.741569444,0.17,0,0.717419149,,,,
12/23/2018,1.793604167,0.15,0,1.040418582,,,,
12/24/2018,0.899222222,0.15,1.016,0.978600484,,,,
12/25/2018,2.4479375,0.15,0,1.066683796,,,,
12/26/2018,-1.289680556,0.15,1.27,0.906086406,,,,
12/27/2018,-5.829020833,0.15,0,0.185640257,,,,
12/28/2018,-6.929354167,0.15,5.588,0.548468822,,,,
12/29/2018,-6.557326389,0.19,0,0.773834603,,,,
12/30/2018,-4.1719375,0.174333333,2.794,0.310859411,,,,
12/31/2018,-5.987333333,0.158666667,1.778,0.500573935,,,,
1/1/2019,-2.916194444,0.118666667,0,0.572494415,,,,
1/2/2019,-0.751680556,0.102666667,1.778,0.345286339,,,,
1/3/2019,-0.061763889,0.086666667,8.89,1.057217873,,,,
1/4/2019,5.520618056,0.055,0,2.012776707,,,,
1/5/2019,2.478638889,0.055,0.254,1.073201219,,,,
1/6/2019,-1.766451389,0.071,3.556,0.911525172,,,,
1/7/2019,-5.870243056,0.087,2.032,0.670316825,,,,
1/8/2019,-5.609263889,0.103,0,0.374623811,,,,
1/9/2019,-8.978819444,0.103,4.064,0.621493356,,,,
1/10/2019,-5.4329375,0.178666667,1.016,0.743764583,,,,
1/11/2019,-2.122083333,0.178666667,0,0.650716698,,,,
1/12/2019,-1.612770833,0.162666667,0.254,0.837684149,,,,
1/13/2019,-1.767493056,0.087,0,0.75824849,,,,
1/14/2019,-2.145506944,0.087,0,0.623318758,,,,
1/15/2019,0.535534722,0.103,18.796,1.096628714,,,,
1/16/2019,-3.986729167,0.138666667,0,1.499027177,,,,
1/17/2019,-6.7719375,0.154333333,0.508,0.772691968,,,,
1/18/2019,-5.768854167,0.17,2.286,0.878317459,,,,
1/19/2019,-2.5400625,0.17,0,1.059457947,,,,
1/20/2019,-0.971236111,0.154333333,0,0.864803601,,,,
1/21/2019,-1.143618056,0.138666667,0,0.866312156,,,,
1/22/2019,0.273840278,0.103,0,0.723081975,,,,
1/23/2019,0.099847222,0.118666667,0,0.906550644,,,,
1/24/2019,1.743083916,0.154333333,0.254,1.805891555,,,,
1/25/2019,0.641979167,0.19,5.334,0.865439844,,,,
1/26/2019,3.616930556,0.23,0.508,2.003851413,,,,
1/27/2019,2.1154375,0.27,5.588,1.799801197,,,,
1/28/2019,-0.019243056,0.31,0,0.933687904,,,,
1/29/2019,0.839861111,0.33,0,1.288907226,,,,
1/30/2019,1.917673611,0.33,2.032,1.493256062,,,,
1/31/2019,-0.060375,0.367333333,5.334,0.597638589,,,,
2/1/2019,1.037430556,0.307333333,0.762,1.07878312,,,,
2/2/2019,0.313590278,0.247333333,0,1.672043264,,,,
2/3/2019,2.664006944,0.15,0,1.566142925,,,,
2/4/2019,4.276138889,0.15,0,1.832481868,,,,
2/5/2019,4.365805556,0.15,0,2.204510958,,,,
2/6/2019,3.384916667,0.17,8.128,1.52017037,,,,
2/7/2019,0.527965278,0.23,4.572,0.257518889,,,,
2/8/2019,0.332840278,0.29,3.302,0.376061761,,,,
2/9/2019,0.402729167,0.33,0.762,0.378543289,,,,
2/10/2019,-0.203631944,0.33,2.032,0.289445386,,,,
2/11/2019,0.274493056,0.33,9.398,1.068923446,,,,
2/12/2019,1.178243056,0.31,0,1.484206517,,,,
2/13/2019,1.760958333,0.31,0,1.325794013,,,,
2/14/2019,0.687875,0.31,0,0.779469081,,,,
2/15/2019,0.297847222,0.33,0.254,0.748874894,,,,
2/16/2019,0.7010625,0.367333333,0,1.218929243,,,,
2/17/2019,0.466854167,0.404666667,0,1.36629087,,,,
2/18/2019,1.343680556,0.442,0,1.575061998,,,,
2/19/2019,2.388430556,0.442,0,1.996620166,,,,
2/20/2019,3.352111111,0.479333333,0,1.6421525,,,,
2/21/2019,2.372520833,0.554,0,1.394152983,,,,
2/22/2019,2.115444444,0.554,0,1.718743718,,,,
2/23/2019,1.702076389,0.516666667,0,1.38476305,,,,
2/24/2019,1.975625,0.442,1.016,1.441695265,,,,
2/25/2019,3.397863946,0.442,0,1.726285565,,,,
2/26/2019,2.7605625,0.442,1.27,1.035213721,,,,
2/27/2019,-2.076256944,0.442,2.286,0.485665668,,,,
2/28/2019,-5.643340278,0.442,5.08,0.721400509,,,,
3/1/2019,-2.31,0.442,3.048,1.62856516,,,,
3/2/2019,2.467034722,0.404666667,0,1.709904281,,,,
3/3/2019,2.294118056,0.404666667,0.254,1.292252542,,,,
3/4/2019,2.318138889,0.442,0.254,1.182746765,,,,
3/5/2019,3.027027778,0.516666667,0,1.787945903,,,,
3/6/2019,3.835965278,0.591333333,0,2.160602066,,,,
3/7/2019,1.08475,0.628666667,4.064,1.794358217,,,,
3/8/2019,2.152555556,0.666,0,2.356238055,,,,
3/9/2019,5.0653125,0.628666667,0,2.870725478,,,,
3/10/2019,6.400034722,0.591333333,0,2.632484233,,,,
3/11/2019,7.000715278,0.554,0,3.07814092,,,,
3/12/2019,5.15775,0.591333333,0,2.015969858,,,,
3/13/2019,5.858673611,0.666,0.254,2.172711276,,,,
3/14/2019,4.168909722,0.778,7.366,1.321498308,,,,
3/15/2019,3.803125,0.852666667,0,2.079367246,,,,
3/16/2019,0.439354167,0.852666667,3.81,0.954943282,,,,
3/17/2019,1.320368056,0.778,1.016,1.105720948,,,,
3/18/2019,6.406041667,0.703333333,0,3.125076516,,,,
3/19/2019,8.210201389,0.666,0,3.476118718,,,,
3/20/2019,8.401,0.666,0,3.271537144,,,,
3/21/2019,8.186409722,0.628666667,0,3.544550766,,,,
3/22/2019,6.044388889,0.591333333,0,3.355410239,,,,
3/23/2019,5.380958333,0.591333333,0,3.259992659,,,,
3/24/2019,-0.169569444,0.591333333,0,2.686085984,,,,
3/25/2019,-1.189395833,0.591333333,0,2.31356325,,,,
3/26/2019,4.033881944,0.554,0,2.981007455,,,,
3/27/2019,5.228194444,0.554,0,2.427093624,,,,
3/28/2019,5.668548611,0.591333333,0,2.58680852,,,,
3/29/2019,1.790340278,0.666,5.08,0.607335478,,,,
3/30/2019,-0.294541667,0.778,4.318,0.364824141,,,,
3/31/2019,-0.318875,0.926,13.97,1.090391518,,,,
4/1/2019,0.927326389,1.036666667,2.794,1.037240088,,,,
4/2/2019,3.412430556,1.11,0.762,1.125750993,,,,
4/3/2019,4.1063125,1.11,5.334,1.299575173,,,,
4/4/2019,4.879715278,1.11,0,2.302795497,,,,
4/5/2019,5.356652778,1.11,0,2.279450804,,,,
4/6/2019,6.995375,1.11,0,3.007391989,,,,
4/7/2019,6.922597222,1.15,0.508,1.879412035,,,,
4/8/2019,8.479166667,1.226666667,0,2.967551768,,,,
4/9/2019,8.509270833,1.403333333,0.254,3.680234051,,,,
4/10/2019,4.997916667,1.44,0.254,3.374619879,,,,
4/11/2019,5.505861111,1.403333333,0.508,2.211633521,,,,
4/12/2019,9.102791667,1.266666667,0,3.860638633,,,,
4/13/2019,10.69668056,1.23,0,4.358259227,,,,
4/14/2019,11.44844444,1.266666667,2.54,4.181145141,,,,
4/15/2019,6.779263889,1.303333333,1.778,2.171840781,,,,
4/16/2019,4.228076389,1.303333333,6.35,1.48635324,,,,
4/17/2019,2.924444444,1.266666667,8.636,0.928206842,,,,
4/18/2019,2.675097222,1.19,14.478,1.895907051,,,,
4/19/2019,2.215020833,1.19,7.366,1.383264502,,,,
4/20/2019,-1.033569444,1.226666667,2.032,1.044777387,,,,
4/21/2019,-1.742173611,1.303333333,4.064,1.063481293,,,,
4/22/2019,0.071798611,1.303333333,5.334,1.287782493,,,,
4/23/2019,4.213097222,1.266666667,0,2.865699058,,,,
4/24/2019,7.501465278,1.23,0,2.987048286,,,,
4/25/2019,10.85305556,1.266666667,0,3.249688477,,,,
4/26/2019,11.38347222,1.34,1.27,3.429131184,,,,
4/27/2019,9.5738125,1.476666667,0.254,2.407070661,,,,
4/28/2019,11.1218125,1.7,4.318,3.401747998,,,,
4/29/2019,11.95874306,1.886666667,2.032,3.633050623,,,,
4/30/2019,13.51729167,2.07,0,5.20083457,,,,
5/1/2019,13.40013889,2.193333333,0,4.865235889,,,,
5/2/2019,10.70089583,2.193333333,0.254,3.589887839,,,,
5/3/2019,7.484583333,2.07,0.508,2.377825286,,,,
5/4/2019,10.00939583,1.883333333,0,4.012485315,,,,
5/5/2019,11.55139583,1.76,0,3.0489146,,,,
5/6/2019,15.68902778,1.76,0,6.146019795,,,,
5/7/2019,13.15409722,1.823333333,0,5.493180148,,,,
5/8/2019,6.657736111,1.883333333,0,2.897046954,,,,
5/9/2019,7.5623125,1.946666667,0,2.961176834,,,,
5/10/2019,8.415881944,1.946666667,0,2.684100281,,,,
5/11/2019,8.856368056,2.01,0,2.552453915,,,,
5/12/2019,10.30534028,2.07,0.254,4.141535526,,,,
5/13/2019,13.15561806,2.193333333,0,5.378606863,,,,
5/14/2019,17.2075,2.376666667,0,5.979168878,,,,
5/15/2019,19.58756944,2.623333333,0,7.684128773,,,,
5/16/2019,19.81541667,2.87,0,5.169558309,,,,
5/17/2019,19.5425,2.993333333,0,6.845459031,,,,
5/18/2019,14.83847222,2.993333333,0,5.972913355,,,,
5/19/2019,13.58121528,2.93,0,4.86420196,,,,
5/20/2019,17.64569444,2.93,0,6.282982233,,,,
5/21/2019,19.29583333,2.87,0,6.506284097,,,,
5/22/2019,17.849375,2.81,0,5.859069471,,,,
5/23/2019,19.92090278,2.686666667,0,4.743916424,,,,
5/24/2019,20.49277778,2.5,0,5.750734334,,,,
5/25/2019,17.283125,2.253333333,0,6.692861624,,,,
5/26/2019,15.52076389,2.006666667,0,5.259206402,,,,
5/27/2019,17.241875,1.823333333,0,6.2337273,,,,
5/28/2019,19.78069444,1.636666667,0,6.947305868,,,,
5/29/2019,22.46611111,1.476666667,0,7.733159053,,,,
5/30/2019,22.67604167,1.34,0,7.021373488,,,,
5/31/2019,19.73923611,1.266666667,0,4.353293242,,,,
6/1/2019,20.65041667,1.23,0,5.992689055,,,,
6/2/2019,20.94618056,1.19,0,6.194341602,,,,
6/3/2019,20.19055556,1.113333333,0,6.382070046,,,,
6/4/2019,19.84416667,1.036666667,0,6.489492047,,,,
6/5/2019,18.11020833,1,4.572,5.558352216,,,,
6/6/2019,18.30951389,0.963333333,0,5.796307502,,,,
6/7/2019,18.73694444,0.889333333,0,6.10808193,,,,
6/8/2019,20.93652778,0.740666667,0,6.849719723,,,,
6/9/2019,17.03,0.628666667,9.14,3.575682018,,,,
6/10/2019,18.37041667,0.591333333,0.762,4.964560236,,,,
6/11/2019,16.36479167,0.628666667,0,4.520125819,,,,
6/12/2019,15.01131944,0.628666667,2.286,3.723570607,,,,
6/13/2019,15.19159722,0.628666667,8.64,3.091020821,,,,
6/14/2019,15.00395833,0.666,1.27,2.05022964,,,,
6/15/2019,16.02402778,0.814666667,0.254,3.351932774,,,,
6/16/2019,17.75111111,0.889333333,0,5.305356459,,,,
6/17/2019,15.97236111,0.889333333,0.508,3.581344516,,,,
6/18/2019,15.33034722,0.852666667,6.604,2.615787931,,,,
6/19/2019,15.49951389,0.852666667,17.53,3.131576522,,,,
6/20/2019,14.54111111,0.963333333,2.794,2.649633174,,,,
6/21/2019,16.92520833,1,0,3.840424533,,,,
6/22/2019,16.11527778,1.036666667,38.61,2.959761319,,,,
6/23/2019,19.18236111,0.963333333,0,5.958012022,,,,
6/24/2019,20.856875,0.926666667,0,5.533513303,,,,
6/25/2019,22.72840278,0.852666667,0,6.621836083,,,,
6/26/2019,24.21805556,0.815333333,0,7.135317051,,,,
6/27/2019,23.13493056,0.778,0,7.722071092,,,,
6/28/2019,22.23840278,0.740666667,0,7.441801593,,,,
6/29/2019,20.14270833,0.703333333,0,6.11817373,,,,
6/30/2019,16.16041667,0.628666667,0,5.716433323,,,,
7/1/2019,15.62875,0.591333333,0,6.234580081,,,,
