"Date","E","P","Temp","Q"
"1/12/2018 12:00",1.7507,0,17.3,0.04
"1/13/2018 12:00",1.9616,0,18,0.04
"1/14/2018 12:00",1.7054,0.7,15.6,0.04
"1/15/2018 12:00",1.5305,2,15.8,0.04
"1/16/2018 12:00",1.3445,0.2,15,0.04
"1/17/2018 12:00",1.6311,0,14.1,0.04
"1/18/2018 12:00",1.8315,0,14.5,0.04
"1/19/2018 12:00",1.2505,0.3,12.4,0.04
"1/20/2018 12:00",1.3344,0,9.7,0.04
"1/21/2018 12:00",1.5515,0,10.4,0.05
"1/22/2018 12:00",2.5024,2.6,15.1,0.05
"1/23/2018 12:00",1.3357,0,11.3,0.04
"1/24/2018 12:00",1.0608,0,14.8,0.04
"1/25/2018 12:00",1.1368,0,14.1,0.04
"1/26/2018 12:00",1.72,0,15.3,0.04
"1/27/2018 12:00",0.8035,0,15.8,0.04
"1/28/2018 12:00",0.7472,0,15.3,0.05
"1/29/2018 12:00",0.8802,0,13.1,0.05
"1/30/2018 12:00",1.3669,0,9.9,0.05
"1/31/2018 12:00",1.58,0,13.3,0.05
"2/1/2018 12:00",1.7161,0,14.6,0.05
"2/2/2018 12:00",1.5196,0,13.1,0.065
"2/3/2018 12:00",0.7984,1,11.4,0.065
"2/4/2018 12:00",0.6156,0,12.6,0.05
"2/5/2018 12:00",1.4979,0,12.4,0.05
"2/6/2018 12:00",0.9807,0,11.5,0.04
"2/7/2018 12:00",0.7494,0,10.6,0.04
"2/8/2018 12:00",0.7785,0,14,0.04
"2/9/2018 12:00",0.6168,0,13.9,0.04
"2/10/2018 12:00",0.5381,0,11.6,0.04
"2/11/2018 12:00",0.494,0,11.4,0.05
"2/12/2018 12:00",0.6499,0,12.7,0.05
"2/13/2018 12:00",1.3541,0.3,13.8,0.05
"2/14/2018 12:00",0.9814,1.4,11,0.05
"2/15/2018 12:00",0.7571,0,10.8,0.05
"2/16/2018 12:00",0.869,0,10.4,0.05
"2/17/2018 12:00",1.2378,0,12.8,0.05
"2/18/2018 12:00",1.7729,8.5,8.4,0.09
"2/19/2018 12:00",2.2881,0.5,7.7,0.065
"2/20/2018 12:00",1.4619,7.4,6.9,0.09
"2/21/2018 12:00",0.9923,4.2,7,0.13
"2/22/2018 12:00",1.1767,1,9,0.175
"2/23/2018 12:00",0.9972,0,5.8,0.13
"2/24/2018 12:00",0.6706,0,5.1,0.09
"2/25/2018 12:00",0.4424,0,7.5,0.065
"2/26/2018 12:00",0.432,0,5.4,0.05
"2/27/2018 12:00",0.432,0,5.8,0.05
"2/28/2018 12:00",0.7169,0,7.7,0.05
"3/1/2018 12:00",1.7517,0,7.5,0.05
"3/2/2018 12:00",2.2285,0,5.2,0.05
"3/3/2018 12:00",2.0057,0,4.6,0.05
"3/4/2018 12:00",2.0426,0,5.2,0.05
"3/5/2018 12:00",2.0981,0,7.3,0.05
"3/6/2018 12:00",2.1343,1.4,6.7,0.05
"3/7/2018 12:00",2.4753,0.508,5.8,0.05
"3/8/2018 12:00",1.3949,1.524,3.7,0.05
"3/9/2018 12:00",1.6528,0,1.7,0.04
"3/10/2018 12:00",1.2143,0,1.862,0.04
"3/11/2018 12:00",0.3587,0,1.84,0.04
"3/12/2018 12:00",0.3395,0,2.3,0.04
"3/13/2018 12:00",0.2991,1.27,3.609,0.05
"3/14/2018 12:00",0.3314,1.27,4.824,0.05
"3/15/2018 12:00",0.3303,1.016,5.259,0.05
"3/16/2018 12:00",0.3094,7.112,2.385,0.09
"3/17/2018 12:00",0.2972,42.16,-1.441,0.09
"3/18/2018 12:00",0.8208,7.112,-4.316,0.065
"3/19/2018 12:00",0.4109,0,-3.932,0.065
"3/20/2018 12:00",0.42,0,-3.047,0.05
"3/21/2018 12:00",1.0199,0,-6.053,0.05
"3/22/2018 12:00",0.8871,0,-3.582,0.065
"3/23/2018 12:00",1.087,0,-0.36,0.13
"3/24/2018 12:00",1.1185,14.99,-2.495,0.09
"3/25/2018 12:00",0.3241,0,-3.179,0.065
"3/26/2018 12:00",0.2635,15.24,-5.87,0.065
"3/27/2018 12:00",0.2907,0,-9.38,0.09
"3/28/2018 12:00",0.3015,0,-8.57,0.13
"3/29/2018 12:00",0.288,0,-5.678,0.13
"3/30/2018 12:00",0.2881,0,-2.657,0.09
"3/31/2018 12:00",0.4164,0,-2.063,0.09
"4/1/2018 12:00",0.288,12.95,-0.53,0.09
"4/2/2018 12:00",0.288,1.016,-0.559,0.175
"4/3/2018 12:00",0.362,15.75,-3.357,0.13
"4/4/2018 12:00",0.5213,0,-4.904,0.13
"4/5/2018 12:00",0.4156,0,-3.476,0.09
"4/6/2018 12:00",0.3614,0,-5.039,0.09
"4/7/2018 12:00",0.3058,0,-1.82,0.09
"4/8/2018 12:00",0.3213,0,2.7,0.09
"4/9/2018 12:00",0.3281,0,3.72,0.09
"4/10/2018 12:00",0.4129,0,2.303,0.09
"4/11/2018 12:00",0.4314,0,-0.061,0.09
"4/12/2018 12:00",0.4133,0,-2.156,0.09
"4/13/2018 12:00",0.2981,0,-2.843,0.09
"4/14/2018 12:00",0.35,0,-1.046,0.13
"4/15/2018 12:00",0.4677,0,-0.574,0.13
"4/16/2018 12:00",0.4094,0,-0.929,0.09
"4/17/2018 12:00",0.388,0,-3.475,0.09
"4/18/2018 12:00",0.2822,0,-6.259,0.09
"4/19/2018 12:00",0.3743,0,-8.1,0.09
"4/20/2018 12:00",0.2894,0,-10.25,0.09
"4/21/2018 12:00",0.2888,0,-12.75,0.09
"4/22/2018 12:00",0.3833,0,-11.91,0.09
"4/23/2018 12:00",0.432,2.794,-10.36,0.09
"4/24/2018 12:00",0.3924,0,-11.29,0.09
"4/25/2018 12:00",0.3884,33.27,-4.512,0.09
"4/26/2018 12:00",0.432,8.64,-4.034,0.09
"4/27/2018 12:00",0.432,0.762,-6.764,0.09
"4/28/2018 12:00",0.4285,0,-3.651,0.13
"4/29/2018 12:00",0.4338,0,-1.882,0.175
"4/30/2018 12:00",0.4424,0,-3.282,0.13
"5/1/2018 12:00",0.4604,8.64,-1.698,0.09
"5/2/2018 12:00",0.432,11.18,-3.279,0.065
"5/3/2018 12:00",0.3721,3.048,-3.791,0.065
"5/4/2018 12:00",0.386,1.016,0.9,0.09
"5/5/2018 12:00",0.517,2.794,0.83,0.175
"5/6/2018 12:00",0.7922,8.13,-0.959,0.225
"5/7/2018 12:00",0.4752,2.54,-2.089,0.175
"5/8/2018 12:00",0.3757,7.112,-1.488,0.175
"5/9/2018 12:00",0.3275,0.508,-1.925,0.175
"5/10/2018 12:00",0.3882,6.35,-1.855,0.13
"5/11/2018 12:00",0.4128,0.254,-2.365,0.13
"5/12/2018 12:00",0.3447,0,-6.105,0.175
"5/13/2018 12:00",0.3095,0,-7.45,0.13
"5/14/2018 12:00",0.4038,0,-7.878,0.09
"5/15/2018 12:00",0.7717,0,-6.621,0.09
"5/16/2018 12:00",0.9439,3.048,-4.945,0.09
"5/17/2018 12:00",0.7343,5.588,-0.572,0.09
"5/18/2018 12:00",0.4612,0,0.87,0.09
"5/19/2018 12:00",0.5893,0,1.67,0.13
"5/20/2018 12:00",0.5422,0,1.771,0.13
"5/21/2018 12:00",0.7563,0,1.03,0.175
"5/22/2018 12:00",0.8202,0,1.295,0.225
"5/23/2018 12:00",0.8472,10.41,-1.401,0.345
"5/24/2018 12:00",0.7154,0,-0.725,0.28
"5/25/2018 12:00",0.4664,4.826,-1.615,0.225
"5/26/2018 12:00",0.4493,1.524,-2.744,0.225
"5/27/2018 12:00",0.4719,0,-1.56,0.175
"5/28/2018 12:00",0.4395,0.254,0.362,0.175
"5/29/2018 12:00",0.4516,9.4,-1.694,0.175
"5/30/2018 12:00",0.5585,1.27,-6.458,0.175
"5/31/2018 12:00",1.1203,0,-8.04,0.13
"6/1/2018 12:00",1.0924,0.762,-8.41,0.175
"6/2/2018 12:00",1.0207,0.508,-6.746,0.175
"6/3/2018 12:00",1.1933,8.89,-4.379,0.13
"6/4/2018 12:00",0.8406,0.508,-5.636,0.13
"6/5/2018 12:00",1.4421,2.286,-2.642,0.09
"6/6/2018 12:00",1.4901,11.68,-0.648,0.09
"6/7/2018 12:00",1.1328,2.032,0.278,0.175
"6/8/2018 12:00",0.8696,0.254,1.469,0.175
"6/9/2018 12:00",1.2759,0.254,2.594,0.225
"6/10/2018 12:00",1.5795,5.334,-0.451,0.345
"6/11/2018 12:00",1.8611,3.556,-4.813,0.28
"6/12/2018 12:00",1.3866,0.254,-5.817,0.28
"6/13/2018 12:00",0.965,0,-2.627,0.225
"6/14/2018 12:00",0.8448,0,-2.26,0.225
"6/15/2018 12:00",1.849,0.254,-4.919,0.175
"6/16/2018 12:00",2.4418,0,-10.72,0.175
"6/17/2018 12:00",1.8222,0.508,-7.048,0.225
"6/18/2018 12:00",1.8643,0.254,-0.926,0.175
"6/19/2018 12:00",1.8383,0,0.023,0.13
"6/20/2018 12:00",1.1592,0,-0.52,0.13
"6/21/2018 12:00",1.1539,0.254,1.196,0.175
"6/22/2018 12:00",1.0084,4.064,2.302,0.345
"6/23/2018 12:00",1.0807,23.11,2.849,0.861
"6/24/2018 12:00",1.008,1.016,1.286,1.03
"6/25/2018 12:00",1.008,0,3.872,0.776
"6/26/2018 12:00",1.0164,2.54,8.65,1.33
"6/27/2018 12:00",0.9958,12.7,-0.913,1.64
"6/28/2018 12:00",1.0218,0,-7.934,1.03
"6/29/2018 12:00",0.9576,1.27,-8.35,0.776
"6/30/2018 12:00",0.9062,13.97,-2.522,0.607
"7/1/2018 12:00",1.0156,0,1.628,0.542
"7/2/2018 12:00",1.4726,0,4.311,0.542
"7/3/2018 12:00",1.9159,3.81,3.483,1.13
"7/4/2018 12:00",2.2691,0.254,-7.007,1.53
"7/5/2018 12:00",2.3294,15.24,-4.76,1.03
"7/6/2018 12:00",1.8959,0,1.145,0.945
"7/7/2018 12:00",1.1221,13.97,2.569,1.64
"7/8/2018 12:00",1.5081,1.27,1.868,1.33
"7/9/2018 12:00",1.3236,1.778,0.232,1.03
"7/10/2018 12:00",1.42,1.524,0.492,0.861
"7/11/2018 12:00",1.8,0,4.615,0.776
"7/12/2018 12:00",1.85,0,8.17,1.13
"7/13/2018 12:00",1.95,4.572,8.26,1.64
"7/14/2018 12:00",2.05,6.858,3.986,1.75
"7/15/2018 12:00",2.12,0,5.814,1.97
"7/16/2018 12:00",2.23,15.49,4.16,2.19
"7/17/2018 12:00",2.45,0,3.344,2.54
"7/18/2018 12:00",2.46,0.254,8.38,2.54
"7/19/2018 12:00",2.35,0,11.11,2.65
"7/20/2018 12:00",2.55,0,4.232,1.97
"7/21/2018 12:00",2.56,0.254,0.305,1.75
"7/22/2018 12:00",2.61,6.604,-0.058,1.53
"7/23/2018 12:00",2.64,4.826,0.457,1.43
"7/24/2018 12:00",2.69,1.27,1.231,1.43
"7/25/2018 12:00",2.7,0,5.709,1.53
"7/26/2018 12:00",2.71,7.112,4.316,1.97
"7/27/2018 12:00",2.74,7.366,1.962,1.97
"7/28/2018 12:00",2.85,33.02,0.28,2.08
"7/29/2018 12:00",2.89,8.38,-1.888,2.19
"7/30/2018 12:00",2.91,0,-2.305,1.97
"7/31/2018 12:00",2.85,0,0.525,1.97
"8/1/2018 12:00",2.96,0,0.65,1.97
"8/2/2018 12:00",3.01,0,-0.242,1.86
"8/3/2018 12:00",3.05,0,0.479,1.86
"8/4/2018 12:00",3.12,0,2.833,1.86
"8/5/2018 12:00",3.15,0,5.155,1.75
"8/6/2018 12:00",3,0,6.821,1.75
"8/7/2018 12:00",3.2,0,7.846,1.86
"8/8/2018 12:00",3.24,0,10.08,1.86
"8/9/2018 12:00",3.19,0,12.26,1.97
"8/10/2018 12:00",3.29,0,12.78,1.97
"8/11/2018 12:00",3.3899,0,12.8,1.97
"8/12/2018 12:00",3.0826,0,13.1,1.86
"8/13/2018 12:00",3.1304,0,13.58,1.86
"8/14/2018 12:00",2.684,0,13.74,1.86
"8/15/2018 12:00",2.5413,0,14.39,1.75
"8/16/2018 12:00",2.8678,0,12.67,1.75
"8/17/2018 12:00",2.268,0,11.34,1.64
"8/18/2018 12:00",2.0304,0,10.56,1.64
"8/19/2018 12:00",2.519,0,12.33,1.53
"8/20/2018 12:00",2.5638,0,12.44,1.53
"8/21/2018 12:00",2.1379,0,10.84,1.53
"8/22/2018 12:00",2.457,0,8.12,1.64
"8/23/2018 12:00",3.3464,0,7.251,1.86
"8/24/2018 12:00",3.7493,0,6.901,1.97
"8/25/2018 12:00",2.5739,4.318,5.729,2.08
"8/26/2018 12:00",1.49,14.22,5.198,2.31
"8/27/2018 12:00",1.3794,3.81,7.615,2.19
"8/28/2018 12:00",2.3712,0,9.45,1.86
"8/29/2018 12:00",2.1236,0,11.39,1.64
"8/30/2018 12:00",1.6975,3.81,9.2,1.43
"8/31/2018 12:00",2.1537,0,9.87,1.23
"9/1/2018 12:00",1.8167,0,11.55,0.945
"9/2/2018 12:00",1.8457,0,13.24,0.776
"9/3/2018 12:00",1.8805,0,14.41,0.607
"9/4/2018 12:00",2.6183,0,13.44,0.542
"9/5/2018 12:00",2.9969,0,10.25,0.476
"9/6/2018 12:00",2.3339,0,11.1,0.476
"9/7/2018 12:00",2.1742,0,10.29,0.476
"9/8/2018 12:00",2.2013,0,8.96,0.411
"9/9/2018 12:00",2.6139,0,11.17,0.411
"9/10/2018 12:00",2.3275,1.016,13.25,0.476
"9/11/2018 12:00",2.45,0.254,14.27,0.476
"9/12/2018 12:00",2.49,4.064,9.61,0.542
"9/13/2018 12:00",2.51,8.64,9.78,0.476
"9/14/2018 12:00",1.88,6.604,5.592,0.411
"9/15/2018 12:00",2.65,1.778,8.41,0.476
"9/16/2018 12:00",2.7,4.064,8.83,0.411
"9/17/2018 12:00",2.75,8.13,7.092,0.411
"9/18/2018 12:00",2.76,8.13,6.936,0.542
"9/19/2018 12:00",2.78,9.14,7.805,0.692
"9/20/2018 12:00",2.8,0.254,8.23,0.607
"9/21/2018 12:00",2.82,0,9,0.542
"9/22/2018 12:00",2.84,0,12.35,0.542
"9/23/2018 12:00",2.86,5.334,12.25,0.542
"9/24/2018 12:00",3,3.556,11.12,0.476
"9/25/2018 12:00",3.01,0.508,10.63,0.476
"9/26/2018 12:00",3.05,5.334,9.97,0.476
"9/27/2018 12:00",3.06,1.016,10.02,0.945
"9/28/2018 12:00",3.1,5.588,9.14,0.945
"9/29/2018 12:00",3.12,4.318,10.41,0.776
"9/30/2018 12:00",3.15,0,11.18,0.607
"10/1/2018 12:00",3.18,0,9.63,0.411
"10/2/2018 12:00",3.2,0,9.96,0.345
"10/3/2018 12:00",3.3,0,12.72,0.345
"10/4/2018 12:00",3.5,0,15.67,0.28
"10/5/2018 12:00",3.4,0,16.07,0.28
"10/6/2018 12:00",3.6,0,15.59,0.28
"10/7/2018 12:00",3.7,0,16.24,0.225
"10/8/2018 12:00",3.4,0,16.93,0.225
"10/9/2018 12:00",3.5,0,17.67,0.175
"10/10/2018 12:00",3.6,0,17.26,0.175
"10/11/2018 12:00",3.6,0,17.29,0.175
"10/12/2018 12:00",3.4,0,11.13,0.175
"10/13/2018 12:00",3.5,0,7.293,0.175
"10/14/2018 12:00",3.8,0,9.1,0.175
"10/15/2018 12:00",3.7,0,12.28,0.175
"10/16/2018 12:00",3.89,0,13.4,0.175
"10/17/2018 12:00",3.84,0,13.79,0.175
"10/18/2018 12:00",3.91,0,14.35,0.13
"10/19/2018 12:00",3.94,0,15.95,0.09
"10/20/2018 12:00",3.95,0,14.95,0.09
"10/21/2018 12:00",3.95,0,15.24,0.09
"10/22/2018 12:00",4,0,14.96,0.09
"10/23/2018 12:00",4,0,15.36,0.09
"10/24/2018 12:00",4,0,14.99,0.09
"10/25/2018 12:00",4,0,14.22,0.09
"10/26/2018 12:00",4,0,13.62,0.13
"10/27/2018 12:00",4,4.318,12.37,0.28
"10/28/2018 12:00",4,0.254,10.56,0.225
"10/29/2018 12:00",4,0,10.03,0.175
"10/30/2018 12:00",4,0.254,11.32,0.13
"10/31/2018 12:00",4,0,13.23,0.09
"11/1/2018 12:00",4.01,0,12.3,0.065
"11/2/2018 12:00",4.02,0,10.41,0.065
"11/3/2018 12:00",4.03,0,10.96,0.065
"11/4/2018 12:00",4.04,0,13.02,0.05
"11/5/2018 12:00",4.01,0,12.63,0.05
"11/6/2018 12:00",4.05,0,11.01,0.05
"11/7/2018 12:00",4.06,0,10.03,0.05
"11/8/2018 12:00",4.05,0,10.17,0.05
"11/9/2018 12:00",4.05,0,12.03,0.05
"11/10/2018 12:00",4.06,0,13.5,0.05
"11/11/2018 12:00",3.9,0,13.63,0.04
"11/12/2018 12:00",3.98,12.19,12.03,0.05
"11/13/2018 12:00",3.97,0.254,12.5,0.05
"11/14/2018 12:00",3.95,0,11.36,0.04
"11/15/2018 12:00",3.96,0,9.92,0.04
"11/16/2018 12:00",4,0,11.01,0.04
"11/17/2018 12:00",4,0,11.86,0.04
"11/18/2018 12:00",4,0,11.72,0.04
"11/19/2018 12:00",4,0,12.42,0.04
"11/20/2018 12:00",4,0,13.62,0.04
"11/21/2018 12:00",4,0,14.63,0.04
"11/22/2018 12:00",4,0,16.15,0.04
"11/23/2018 12:00",4,0,14.76,0.04
"11/24/2018 12:00",4,0,14.09,0.04
"11/25/2018 12:00",4,0,15.17,0.04
"11/26/2018 12:00",4,0,14.94,0.04
"11/27/2018 12:00",4,0,14.54,0.04
"11/28/2018 12:00",4,0,14,0.04
"11/29/2018 12:00",3.78,0,12.9,0.04
"11/30/2018 12:00",3.65,0,13.19,0.04
"12/1/2018 12:00",3.55,0,12.38,0.04
"12/2/2018 12:00",3.56,0,12.81,0.04
"12/3/2018 12:00",3.45,0,14.28,0.04
"12/4/2018 12:00",3.4,0,14.03,0.04
"12/5/2018 12:00",3.35,0,11.78,0.04
"12/6/2018 12:00",3.19,0,13.38,0.04
"12/7/2018 12:00",3.2,0,15.5,0.04
"12/8/2018 12:00",3.1,0,16.55,0.04
"12/9/2018 12:00",3.05,0,17.74,0.04
"12/10/2018 12:00",3,0,18.51,0.04
"12/11/2018 12:00",3,0,15.08,0.04
"12/12/2018 12:00",3,0,9.63,0.05
"12/13/2018 12:00",3,0,8.56,0.05
"12/14/2018 12:00",2.95,0,10.23,0.05
"12/15/2018 12:00",2.91,0,10.94,0.05
"12/16/2018 12:00",2.8,2.54,5.238,0.05
"12/17/2018 12:00",2.78,2.286,4.048,0.05
"12/18/2018 12:00",2.75,0.254,6.52,0.05
"12/19/2018 12:00",2.72,0,7.968,0.05
"12/20/2018 12:00",2.71,0,7.811,0.04
"12/21/2018 12:00",2.6,0,6.063,0.04
"12/22/2018 12:00",2.56,0,9.15,0.04
"12/23/2018 12:00",2.45,0,12.16,0.04
"12/24/2018 12:00",2.47,0,14.14,0.04
"12/25/2018 12:00",2.38,0,16.32,0.04
"12/26/2018 12:00",2.34,0,13.3,0.04
"12/27/2018 12:00",2.31,0,7.637,0.04
"12/28/2018 12:00",2.29,0,9.89,0.04
"12/29/2018 12:00",2.25,0,9.23,0.04
"12/30/2018 12:00",2.21,0,10.71,0.05
"12/31/2018 12:00",2.2,0,11.12,0.05
"1/1/2019 12:00",2.17,0,10.77,0.05
"1/2/2019 12:00",2.05,0,6.288,0.05
"1/3/2019 12:00",1.8,0,4.061,0.05
"1/4/2019 12:00",1.89,0,4.206,0.05
"1/5/2019 12:00",1.95,0,4.586,0.05
"1/6/2019 12:00",1.78,0,6.174,0.05
"1/7/2019 12:00",1.8,0,9.86,0.05
"1/8/2019 12:00",1.8,0,11.57,0.05
"1/9/2019 12:00",1.8,0,7.845,0.05
"1/10/2019 12:00",1.8,0,8.37,0.05
"1/11/2019 12:00",1.7653,0,11.79,0.04
"1/12/2019 12:00",1.7507,0,12.39,0.04
"1/13/2019 12:00",1.9616,0.508,5.855,0.225
"1/14/2019 12:00",1.7054,3.302,-0.231,0.175
"1/15/2019 12:00",1.5305,3.556,-2.75,0.13
"1/16/2019 12:00",1.3445,2.286,-3.604,0.065
"1/17/2019 12:00",1.6311,1.27,-3.002,0.065
"1/18/2019 12:00",1.8315,2.286,-1.469,0.065
"1/19/2019 12:00",1.2505,0,2.864,0.065
"1/20/2019 12:00",1.3344,0,8.39,0.065
"1/21/2019 12:00",1.5515,0,10.44,0.065
"1/22/2019 12:00",2.5024,0,11.32,0.065
"1/23/2019 12:00",1.3357,0,9.19,0.065
"1/24/2019 12:00",1.0608,0,5.826,0.065
"1/25/2019 12:00",1.1368,0,5.459,0.065
"1/26/2019 12:00",1.72,0,7.4,0.05
"1/27/2019 12:00",0.8035,0,9.63,0.05
"1/28/2019 12:00",0.7472,0,7.189,0.05
"1/29/2019 12:00",0.8802,0,3.691,0.065
"1/30/2019 12:00",1.3669,8.89,-0.29,0.065
"1/31/2019 12:00",1.58,3.81,-1.258,0.065
"2/1/2019 12:00",1.7161,0,3.326,0.065
"2/2/2019 12:00",1.5196,0,9.01,0.065
"2/3/2019 12:00",0.7984,0,5.574,0.065
"2/4/2019 12:00",0.6156,0,4.587,0.065
"2/5/2019 12:00",1.4979,0,6.691,0.065
"2/6/2019 12:00",0.9807,0,6.086,0.065
"2/7/2019 12:00",0.7494,0,6.365,0.065
"2/8/2019 12:00",0.7785,0,8.74,0.065
"2/9/2019 12:00",0.6168,0,9.65,0.065
"2/10/2019 12:00",0.5381,0,10.51,0.065
"2/11/2019 12:00",0.494,0,9.54,0.065
"2/12/2019 12:00",0.6499,0,8.43,0.05
"2/13/2019 12:00",1.3541,0,8.3,0.05
"2/14/2019 12:00",0.9814,0,9,0.05
"2/15/2019 12:00",0.7571,0,8.53,0.05
"2/16/2019 12:00",0.869,0,7.365,0.05
"2/17/2019 12:00",1.2378,0,5.591,0.05
"2/18/2019 12:00",1.7729,0,3.983,0.05
"2/19/2019 12:00",2.2881,0,-0.881,0.05
"2/20/2019 12:00",1.4619,0,3.603,0.05
"2/21/2019 12:00",0.9923,0,6.654,0.05
"2/22/2019 12:00",1.1767,0,7.352,0.04
"2/23/2019 12:00",0.9972,0,1.1,0.04
"2/24/2019 12:00",0.6706,0,-0.7,0.04
"2/25/2019 12:00",0.4424,0,0.7,0.04
"2/26/2019 12:00",0.432,0,0,0.04
"2/27/2019 12:00",0.432,0,1.2,0.04
"2/28/2019 12:00",0.7169,0,-3.7,0.04
"3/1/2019 12:00",1.7517,0,-4.6,0.04
"3/2/2019 12:00",2.2285,0,-3.1,0.04
"3/3/2019 12:00",2.0057,0,-1.1,0.04
"3/4/2019 12:00",2.0426,0,-0.9,0.04
"3/5/2019 12:00",2.0981,0,2.2,0.04
"3/6/2019 12:00",2.1343,0,0.7,0.04
"3/7/2019 12:00",2.4753,0,1.1,0.04
"3/8/2019 12:00",1.3949,0,3.6,0.13
"3/9/2019 12:00",1.6528,0,2.4,0.13
"3/10/2019 12:00",1.2143,0,-1,0.065
"3/11/2019 12:00",0.3587,0,-1.8,0.05
"3/12/2019 12:00",0.3395,0,-4.9,0.05
"3/13/2019 12:00",0.2991,0,3.3,0.05
"3/14/2019 12:00",0.3314,0,3,0.05
"3/15/2019 12:00",0.3303,0,-9.3,0.05
"3/16/2019 12:00",0.3094,0,-4.1,0.05
"3/17/2019 12:00",0.2972,0,-1.9,0.05
"3/18/2019 12:00",0.8208,0.3,-4,0.05
"3/19/2019 12:00",0.4109,0,-6.3,0.05
"3/20/2019 12:00",0.42,0,-11.5,0.05
"3/21/2019 12:00",1.0199,0,-10.5,0.05
"3/22/2019 12:00",0.8871,0,-9.3,0.05
"3/23/2019 12:00",1.087,0,-13.6,0.05
"3/24/2019 12:00",1.1185,0,-13.8,0.05
"3/25/2019 12:00",0.3241,0,-12.4,0.05
"3/26/2019 12:00",0.2635,0,-8.9,0.05
"3/27/2019 12:00",0.2907,0,-4.3,0.05
"3/28/2019 12:00",0.3015,1.5,-4.7,0.05
"3/29/2019 12:00",0.288,15.2,-5.6,0.05
"3/30/2019 12:00",0.2881,0,-5,0.05
"3/31/2019 12:00",0.4164,0,-4.7,0.05
"4/1/2019 12:00",0.288,0,-3.3,0.05
"4/2/2019 12:00",0.288,0,-1.1,0.05
"4/3/2019 12:00",0.362,0,-0.3,0.05
"4/4/2019 12:00",0.5213,0,2.6,0.05
"4/5/2019 12:00",0.4156,0,3,0.05
"4/6/2019 12:00",0.3614,0,2.9,0.05
"4/7/2019 12:00",0.3058,0,-0.8,0.05
"4/8/2019 12:00",0.3213,0,-0.6,0.05
"4/9/2019 12:00",0.3281,0,1.8,0.05
"4/10/2019 12:00",0.4129,0,2,0.05
"4/11/2019 12:00",0.4314,0,2.6,0.05
"4/12/2019 12:00",0.4133,0,0.5,0.05
"4/13/2019 12:00",0.2981,0,0.7,0.05
"4/14/2019 12:00",0.35,0,-0.1,0.05
"4/15/2019 12:00",0.4677,0,-0.3,0.05
"4/16/2019 12:00",0.4094,0,-1,0.05
"4/17/2019 12:00",0.388,0,-1.2,0.05
"4/18/2019 12:00",0.2822,0,-0.3,0.04
"4/19/2019 12:00",0.3743,0,0.3,0.04
"4/20/2019 12:00",0.2894,0,1.6,0.04
"4/21/2019 12:00",0.2888,0,2.3,0.04
"4/22/2019 12:00",0.3833,0,2.5,0.04
"4/23/2019 12:00",0.432,0,-1.3,0.04
"4/24/2019 12:00",0.3924,0,-1.5,0.04
"4/25/2019 12:00",0.3884,0,-3,0.04
"4/26/2019 12:00",0.432,0,-1.4,0.04
"4/27/2019 12:00",0.432,0,0.1,0.04
"4/28/2019 12:00",0.4285,0,0.3,0.04
"4/29/2019 12:00",0.4338,0,0.9,0.05
"4/30/2019 12:00",0.4424,0,2.5,0.05
"5/1/2019 12:00",0.4604,0,1.8,0.065
"5/2/2019 12:00",0.432,0,2,0.175
"5/3/2019 12:00",0.3721,0,1.9,0.175
"5/4/2019 12:00",0.386,0,-0.8,0.13
"5/5/2019 12:00",0.517,0,-1.5,0.13
"5/6/2019 12:00",0.7922,0,-2.1,0.175
"5/7/2019 12:00",0.4752,2.3,-1.6,0.175
"5/8/2019 12:00",0.3757,15.5,-0.4,0.175
"5/9/2019 12:00",0.3275,12.4,-0.8,0.175
"5/10/2019 12:00",0.3882,13.7,-0.6,0.175
"5/11/2019 12:00",0.4128,9.4,-1.3,0.225
"5/12/2019 12:00",0.3447,0.3,-6.2,0.175
"5/13/2019 12:00",0.3095,0.8,-6.6,0.13
"5/14/2019 12:00",0.4038,0.5,-7,0.09
"5/15/2019 12:00",0.7717,0.3,-7.5,0.09
"5/16/2019 12:00",0.9439,0.5,-7.3,0.09
"5/17/2019 12:00",0.7343,0.3,-6.7,0.065
"5/18/2019 12:00",0.4612,0,-2.6,0.065
"5/19/2019 12:00",0.5893,0,-1.4,0.065
"5/20/2019 12:00",0.5422,0,-1.4,0.065
"5/21/2019 12:00",0.7563,0,-0.6,0.065
"5/22/2019 12:00",0.8202,0,-0.3,0.065
"5/23/2019 12:00",0.8472,0,-0.6,0.065
"5/24/2019 12:00",0.7154,0.3,0.4,0.09
"5/25/2019 12:00",0.4664,0.3,5.2,0.065
"5/26/2019 12:00",0.4493,0,4.6,0.065
"5/27/2019 12:00",0.4719,0,2.7,0.065
"5/28/2019 12:00",0.4395,0,-0.8,0.13
"5/29/2019 12:00",0.4516,5.6,-1.3,0.13
"5/30/2019 12:00",0.5585,0,1.8,0.13
"5/31/2019 12:00",1.1203,0,4.7,0.13
"6/1/2019 12:00",1.0924,0,5,0.13
"6/2/2019 12:00",1.0207,0,6.8,0.175
"6/3/2019 12:00",1.1933,0,5.5,0.175
"6/4/2019 12:00",0.8406,0,5,0.175
"6/5/2019 12:00",1.4421,0,4.3,0.175
"6/6/2019 12:00",1.4901,0,1.4,0.175
"6/7/2019 12:00",1.1328,9.9,-1.6,0.345
"6/8/2019 12:00",0.8696,1.5,-4,0.28
"6/9/2019 12:00",1.2759,0.8,-3.5,0.225
"6/10/2019 12:00",1.5795,0.3,-2.6,0.225
"6/11/2019 12:00",1.8611,0,-1,0.225
"6/12/2019 12:00",1.3866,0,2.3,0.175
"6/13/2019 12:00",0.965,6.4,1.5,0.225
"6/14/2019 12:00",0.8448,12.4,0.5,0.692
"6/15/2019 12:00",1.849,0.8,1.7,0.542
"6/16/2019 12:00",2.4418,5.8,1,0.476
"6/17/2019 12:00",1.8222,1,1.2,0.476
"6/18/2019 12:00",1.8643,14.7,1.3,0.411
"6/19/2019 12:00",1.8383,1.8,3,0.476
"6/20/2019 12:00",1.1592,11.2,2.9,0.607
"6/21/2019 12:00",1.1539,4.3,-3.2,0.476
"6/22/2019 12:00",1.0084,0,-5.68061,0.411
"6/23/2019 12:00",1.0807,0.254,-7.20881,0.411
"6/24/2019 12:00",1.008,3.556,-5.14379,0.345
"6/25/2019 12:00",1.008,1.016,0.437057,0.345
"6/26/2019 12:00",1.0164,0.762,-0.778096,0.28
"6/27/2019 12:00",0.9958,2.286,-2.06873,0.28
"6/28/2019 12:00",1.0218,0.254,0.141937,0.28
"6/29/2019 12:00",0.9576,0,3.2,0.28
"6/30/2019 12:00",0.9062,0,-0.6,0.28
"7/1/2019 12:00",1.0156,0,0.7,0.28
"7/2/2019 12:00",1.4726,0,5.1,0.28
"7/3/2019 12:00",1.9159,0,6.4,0.28
"7/4/2019 12:00",2.2691,0,7.1,0.345
"7/5/2019 12:00",2.3294,0,6.3,0.476
"7/6/2019 12:00",1.8959,0,2.5,0.476
"7/7/2019 12:00",1.1221,0,3.2,0.411
"7/8/2019 12:00",1.5081,0,3.1,0.411
"7/9/2019 12:00",1.3236,0,-4.7,0.476
"7/10/2019 12:00",1.42,0,-10,0.28
"7/11/2019 12:00",1.8,0,-1.3,0.28
"7/12/2019 12:00",1.85,0,2.9,0.28
"7/13/2019 12:00",1.95,7.9,0.3,0.28
"7/14/2019 12:00",2.05,0.5,-0.3,0.345
"7/15/2019 12:00",2.12,0,4.4,0.225
"7/16/2019 12:00",2.23,0,6.4,0.28
"7/17/2019 12:00",2.45,0,6,0.411
"7/18/2019 12:00",2.46,0,5.8,0.411
"7/19/2019 12:00",2.35,0.8,-0.1,0.345
"7/20/2019 12:00",2.55,0.5,1.5,0.28
"7/21/2019 12:00",2.56,0,5.1,0.345
"7/22/2019 12:00",2.61,10.4,3.9,0.607
"7/23/2019 12:00",2.64,18.3,-0.1,0.607
"7/24/2019 12:00",2.69,0,1.5,0.542
"7/25/2019 12:00",2.7,0,0.5,0.542
"7/26/2019 12:00",2.71,0,3.1,0.476
"7/27/2019 12:00",2.74,0,6.7,0.476
"7/28/2019 12:00",2.85,0,8.8,0.542
"7/29/2019 12:00",2.89,0,7.1,0.607
"7/30/2019 12:00",2.91,0,4.7,0.607
"7/31/2019 12:00",2.85,0,3.4,0.607
"8/1/2019 12:00",2.96,0,4,0.476
"8/2/2019 12:00",3.01,0,7.4,0.476
"8/3/2019 12:00",3.05,0,8.7,0.542
"8/4/2019 12:00",3.12,0,9.5,0.476
"8/5/2019 12:00",3.15,0,10.5,0.542
"8/6/2019 12:00",3,3.3,5.8,0.542
"8/7/2019 12:00",3.2,2.8,7.5,0.542
"8/8/2019 12:00",3.24,15.5,5.3,0.542
"8/9/2019 12:00",3.19,14.2,3.2,0.692
"8/10/2019 12:00",3.29,7.4,5,0.542
"8/11/2019 12:00",3.3899,2.8,2.6,0.542
"8/12/2019 12:00",3.0826,4.6,3.8,0.542
"8/13/2019 12:00",3.1304,0.5,5.6,0.542
"8/14/2019 12:00",2.684,6.6,8.7,0.542
"8/15/2019 12:00",2.5413,46.2,5.6,1.33
"8/16/2019 12:00",2.8678,4.6,4.1,1.75
"8/17/2019 12:00",2.268,0,3.8,1.33
"8/18/2019 12:00",2.0304,0.5,7.3,0.945
"8/19/2019 12:00",2.519,2.5,7.2,0.861
"8/20/2019 12:00",2.5638,0.5,4.9,0.607
"8/21/2019 12:00",2.1379,2,5.5,0.607
"8/22/2019 12:00",2.457,0.3,6.9,0.542
"8/23/2019 12:00",3.3464,0.5,7.9,0.476
"8/24/2019 12:00",3.7493,0,11.3,0.476
"8/25/2019 12:00",2.5739,0,13.2,0.411
"8/26/2019 12:00",1.49,0,13.5,0.345
"8/27/2019 12:00",1.3794,0,11.1,0.345
"8/28/2019 12:00",2.3712,0,3.6,0.345
"8/29/2019 12:00",2.1236,0,5.1,0.28
"8/30/2019 12:00",1.6975,0,7.9,0.28
"8/31/2019 12:00",2.1537,0,7.1,0.28
"9/1/2019 12:00",1.8167,6,6.7,0.345
"9/2/2019 12:00",1.8457,16,7.7,0.607
"9/3/2019 12:00",1.8805,8,7.4,0.607
"9/4/2019 12:00",2.6183,7,7.5,0.607
"9/5/2019 12:00",2.9969,0,10.6,0.542
"9/6/2019 12:00",2.3339,6,10.9,0.476
"9/7/2019 12:00",2.1742,0,10.6,0.476
"9/8/2019 12:00",2.2013,0,12.4,0.411
"9/9/2019 12:00",2.6139,7,9.2,0.345
"9/10/2019 12:00",2.3275,1,9.2,0.345
"9/11/2019 12:00",2.45,12,6.1,0.476
"9/12/2019 12:00",2.49,12,6.1,0.776
"9/13/2019 12:00",2.51,2,7.3,0.861
"9/14/2019 12:00",1.88,0,10.1,0.692
"9/15/2019 12:00",2.65,0,10.5,0.607
"9/16/2019 12:00",2.7,8,7.6,0.692
"9/17/2019 12:00",2.75,10,8.2,0.861
"9/18/2019 12:00",2.76,9,8.7,0.945
"9/19/2019 12:00",2.78,32,9.2,1.53
"9/20/2019 12:00",2.8,0,11.3,1.75
"9/21/2019 12:00",2.82,0,10,1.53
"9/22/2019 12:00",2.84,0,6.6,1.23
"9/23/2019 12:00",2.86,0,9,0.945
"9/24/2019 12:00",3,7,11.6,0.861
"9/25/2019 12:00",3.01,0,12.9,0.776
"9/26/2019 12:00",3.05,0,11.3,0.776
"9/27/2019 12:00",3.06,0,13.2,0.411
"9/28/2019 12:00",3.1,0,13.2,0.411
"9/29/2019 12:00",3.12,0,13.2,0.411
"9/30/2019 12:00",3.15,0,11.2,0.411
"10/1/2019 12:00",3.18,0,8,0.411
"10/2/2019 12:00",3.2,0,7.7,0.411
"10/3/2019 12:00",3.3,0,9,0.411
"10/4/2019 12:00",3.5,0,11.1,0.345
"10/5/2019 12:00",3.4,0,13.5,0.28
"10/6/2019 12:00",3.6,0,16.1,0.225
"10/7/2019 12:00",3.7,0,16.8,0.225
"10/8/2019 12:00",3.4,0,14,0.28
"10/9/2019 12:00",3.5,0,10.8,0.28
"10/10/2019 12:00",3.6,0,15.9,0.225
"10/11/2019 12:00",3.6,0,17.9,0.175
"10/12/2019 12:00",3.4,0,14.4,0.175
"10/13/2019 12:00",3.5,0,14.2,0.175
"10/14/2019 12:00",3.8,0,10.3,0.13
"10/15/2019 12:00",3.7,0,9.7,0.13
"10/16/2019 12:00",3.89,0,11.8,0.13
"10/17/2019 12:00",3.84,0,13.4,0.13
"10/18/2019 12:00",3.91,0,12.7,0.13
"10/19/2019 12:00",3.94,0,15.4,0.13
"10/20/2019 12:00",3.95,0,18.5,0.13
"10/21/2019 12:00",3.95,0,19.8,0.09
"10/22/2019 12:00",4,0,19,0.09
"10/23/2019 12:00",4,0,13.7,0.09
"10/24/2019 12:00",4,0,14.7,0.09
"10/25/2019 12:00",4,0,17.3,0.09
"10/26/2019 12:00",4,0,18,0.09
"10/27/2019 12:00",4,0,14.2,0.225
"10/28/2019 12:00",4,17,14.3,0.411
"10/29/2019 12:00",4,1.2,13.5,0.345
"10/30/2019 12:00",4,0,11.3,0.345
"10/31/2019 12:00",4,0.8,11.5,0.345
"11/1/2019 12:00",4.01,0,14.6,0.28
"11/2/2019 12:00",4.02,0,18.8,0.28
"11/3/2019 12:00",4.03,0,17.1,0.225
"11/4/2019 12:00",4.04,0,13.9,0.175
"11/5/2019 12:00",4.01,0,14.4,0.175
"11/6/2019 12:00",4.05,0,15,0.175
"11/7/2019 12:00",4.06,0,16,0.175
"11/8/2019 12:00",4.05,0,18,0.13
"11/9/2019 12:00",4.05,0,15.9,0.13
"11/10/2019 12:00",4.06,0,16.3,0.13
"11/11/2019 12:00",3.9,0,19.9,0.13
"11/12/2019 12:00",3.98,0,19.8,0.09
"11/13/2019 12:00",3.97,1,16.5,0.09
"11/14/2019 12:00",3.95,0,14.5,0.09
"11/15/2019 12:00",3.96,0,12.8,0.09
"11/16/2019 12:00",4,0,14.2,0.09
"11/17/2019 12:00",4,0,15.6,0.09
"11/18/2019 12:00",4,0,12.8,0.065
"11/19/2019 12:00",4,0,13,0.09
"11/20/2019 12:00",4,0,14.1,0.09
"11/21/2019 12:00",4,0,15.3,0.065
"11/22/2019 12:00",4,0,15.7,0.065
"11/23/2019 12:00",4,0,15.9,0.065
"11/24/2019 12:00",4,0,18.9,0.065
"11/25/2019 12:00",4,0,21.4,0.065
"11/26/2019 12:00",4,0,19.8,0.065
"11/27/2019 12:00",4,0,21,0.065
"11/28/2019 12:00",4,0,13.8,0.065
"11/29/2019 12:00",3.78,0,12.3,0.065
"11/30/2019 12:00",3.65,0,14.3,0.065
"12/1/2019 12:00",3.55,0,15.9,0.065
"12/2/2019 12:00",3.56,0,14.9,0.065
"12/3/2019 12:00",3.45,0,14.9,0.065
"12/4/2019 12:00",3.4,0,16.7,0.065
"12/5/2019 12:00",3.35,0,16.1,0.065
"12/6/2019 12:00",3.19,0,17.6,0.065
"12/7/2019 12:00",3.2,0,21.1,0.065
"12/8/2019 12:00",3.1,0,17.7,0.065
"12/9/2019 12:00",3.05,0.8,11.7,0.065
"12/10/2019 12:00",3,0,12.9,0.065
"12/11/2019 12:00",3,0,16.6,0.065
"12/12/2019 12:00",3,0,16.3,0.065
"12/13/2019 12:00",3,0.6,19.1,0.065
"12/14/2019 12:00",2.95,0,19.1,0.065
"12/15/2019 12:00",2.91,0.4,17.2,0.065
"12/16/2019 12:00",2.8,0,17.8,0.065
"12/17/2019 12:00",2.78,0,16.4,0.065
"12/18/2019 12:00",2.75,8.2,13.5,0.28
"12/19/2019 12:00",2.72,3.4,12.2,0.13
"12/20/2019 12:00",2.71,0.4,9.4,0.09
"12/21/2019 12:00",2.6,0,10.3,0.09
"12/22/2019 12:00",2.56,0,12,0.065
"12/23/2019 12:00",2.45,0,13.5,0.065
"12/24/2019 12:00",2.47,0,11.9,0.065
"12/25/2019 12:00",2.38,7.4,11.5,0.065
"12/26/2019 12:00",2.34,0,11.1,0.065
"12/27/2019 12:00",2.31,0,9.8,0.09
"12/28/2019 12:00",2.29,1.6,9.6,0.09
"12/29/2019 12:00",2.25,8.4,7.7,0.09
"12/30/2019 12:00",2.21,6.2,6.2,0.09
"12/31/2019 12:00",2.2,3.8,5.1,0.09
"1/1/2020 12:00",2.17,0,6.7,0.065
"1/2/2020 12:00",2.05,0,10.5,0.05
"1/3/2020 12:00",1.8,0,9.6,0.04
"1/4/2020 12:00",1.89,6,3.2,0.05
"1/5/2020 12:00",1.95,0.2,3.7,0.05
"1/6/2020 12:00",1.78,0,6.6,0.04
"1/7/2020 12:00",1.8,3,8.1,0.04
"1/8/2020 12:00",1.8,9,3.8,0.476
"1/9/2020 12:00",1.8,13,3.5,0.861
"1/10/2020 12:00",1.8,0,4.9,0.476
"1/11/2020 12:00",1.7653,0,7.1,0.23
"1/12/2020 12:00",1.7507,0,5.4,0.18
"1/13/2020 12:00",1.9616,0,6.5,0.13
"1/14/2020 12:00",1.7054,0,5.3,0.13
"1/15/2020 12:00",1.5305,0,7.1,0.13
"1/16/2020 12:00",1.3445,0,7.8,0.13
"1/17/2020 12:00",1.6311,1,8.2,0.09
"1/18/2020 12:00",1.8315,0,8.8,0.09
"1/19/2020 12:00",1.2505,0,8,0.09
"1/20/2020 12:00",1.3344,0,9.6,0.09
"1/21/2020 12:00",1.5515,0,11.4,0.09
"1/22/2020 12:00",2.5024,1.2,8.7,0.09
"1/23/2020 12:00",1.3357,0,7.4,0.13
"1/24/2020 12:00",1.0608,6.8,6.9,0.18
"1/25/2020 12:00",1.1368,0.4,7,0.18
"1/26/2020 12:00",1.72,0,8.7,0.18
"1/27/2020 12:00",0.8035,3.5,7.1,0.35
"1/28/2020 12:00",0.7472,3.2,7,0.78
"1/29/2020 12:00",0.8802,0,7.8,0.48
"1/30/2020 12:00",1.3669,0,-1,0.35
"1/31/2020 12:00",1.58,0,1,0.23
"2/1/2020 12:00",1.7161,0,2.7,0.23
"2/2/2020 12:00",1.5196,0,4.2,0.23
"2/3/2020 12:00",0.7984,0,3.8,0.23
"2/4/2020 12:00",0.6156,0,5.1,0.18
"2/5/2020 12:00",1.4979,0,5.7,0.18
"2/6/2020 12:00",0.9807,0,7,0.35
"2/7/2020 12:00",0.7494,0,7.7,0.23
"2/8/2020 12:00",0.7785,0,5.9,0.23
"2/9/2020 12:00",0.6168,0,5,0.18
"2/10/2020 12:00",0.5381,0,5.1,0.28
"2/11/2020 12:00",0.494,0,4.7,0.48
"2/12/2020 12:00",0.6499,0,5.5,0.41
"2/13/2020 12:00",1.3541,0,3.7,0.28
"2/14/2020 12:00",0.9814,0,3,0.23
"2/15/2020 12:00",0.7571,0,3.3,0.23
"2/16/2020 12:00",0.869,0,4.8,0.23
"2/17/2020 12:00",1.2378,0,5.7,0.18
"2/18/2020 12:00",1.7729,0,7,0.18
"2/19/2020 12:00",2.2881,0,7.7,0.18
"2/20/2020 12:00",1.4619,0,5.9,0.18
"2/21/2020 12:00",0.9923,0,5,0.18
"2/22/2020 12:00",1.1767,0.2,5.1,0.13
"2/23/2020 12:00",0.9972,0,4.7,0.13
"2/24/2020 12:00",0.6706,0,5.5,0.13
"2/25/2020 12:00",0.4424,0,3.7,0.13
"2/26/2020 12:00",0.432,0,3,0.13
"2/27/2020 12:00",0.432,0,3.3,0.13
"2/28/2020 12:00",0.7169,0,4.8,0.13
"2/29/2020 12:00",1.7517,0,4.7,0.13
"3/1/2020 12:00",2.2285,3.2,3.3,0.13
"3/2/2020 12:00",2.0057,6.2,-1.1,0.18
"3/3/2020 12:00",2.0426,5.4,-2,0.18
"3/4/2020 12:00",2.0981,1.8,-2.5,0.18
"3/5/2020 12:00",2.1343,0,-5,0.18
"3/6/2020 12:00",2.4753,0,-3.4,0.18
"3/7/2020 12:00",1.3949,6,-3.5,0.18
"3/8/2020 12:00",1.6528,4.7,-3.3,0.18
"3/9/2020 12:00",1.2143,0,-3.1,0.18
"3/10/2020 12:00",0.3587,0,0.5,0.18
"3/11/2020 12:00",0.3395,2.6,0.4,0.28
"3/12/2020 12:00",0.2991,2.4,-2,0.54
"3/13/2020 12:00",0.3314,7.7,1.5,0.78
"3/14/2020 12:00",0.3303,4.8,3.1,1.23
"3/15/2020 12:00",0.3094,1,3.9,1.03
"3/16/2020 12:00",0.2972,2.4,2.9,0.95
"3/17/2020 12:00",0.8208,0,2.2,0.86
"3/18/2020 12:00",0.4109,2.6,2.5,0.78
"3/19/2020 12:00",0.42,0.6,2.3,0.69
"3/20/2020 12:00",1.0199,0,3.6,0.78
"3/21/2020 12:00",0.8871,3.2,1.5,0.69
"3/22/2020 12:00",1.087,0.6,1.3,0.69
"3/23/2020 12:00",1.1185,5.6,1.1,0.69
"3/24/2020 12:00",0.3241,4.9,-0.2,0.69
"3/25/2020 12:00",0.2635,0.5,-1.8,0.61
"3/26/2020 12:00",0.2907,0,1.5,0.54
"3/27/2020 12:00",0.3015,0,2.9,0.54
"3/28/2020 12:00",0.288,0,2.3,0.48
"3/29/2020 12:00",0.2881,0,0,0.48
"3/30/2020 12:00",0.4164,1.1,-1.4,0.41
"3/31/2020 12:00",0.288,0.2,-2.3,0.41
"4/1/2020 12:00",0.288,0.2,-1.9,0.41
"4/2/2020 12:00",0.362,0,-7.9,0.41
"4/3/2020 12:00",0.5213,0,-3.9,0.41
"4/4/2020 12:00",0.4156,7,1,0.35
"4/5/2020 12:00",0.3614,0,1.8,0.28
"4/6/2020 12:00",0.3058,0,-0.3,0.28
"4/7/2020 12:00",0.3213,12.8,-1.2,0.28
"4/8/2020 12:00",0.3281,0.4,-4.4,0.28
"4/9/2020 12:00",0.4129,17.6,-0.1,0.28
"4/10/2020 12:00",0.4314,4.8,-3.8,0.28
"4/11/2020 12:00",0.4133,0,-1.4,0.28
"4/12/2020 12:00",0.2981,43.8,-2.3,0.28
"4/13/2020 12:00",0.35,0.8,-5.4,0.28
"4/14/2020 12:00",0.4677,0.2,-5.4,0.28
"4/15/2020 12:00",0.4094,0.8,-6.4,0.23
"4/16/2020 12:00",0.388,3.2,-8,0.23
"4/17/2020 12:00",0.2822,0.2,-9.4,0.23
"4/18/2020 12:00",0.3743,0.4,-12.5,0.23
"4/19/2020 12:00",0.2894,0.2,-16.6,0.23
"4/20/2020 12:00",0.2888,0.2,-15.2,0.23
"4/21/2020 12:00",0.3833,0.6,-6.6,0.23
"4/22/2020 12:00",0.432,34.7,-4.5,0.23
"4/23/2020 12:00",0.3924,0,-4.1,0.23
"4/24/2020 12:00",0.3884,0,-3.6,0.23
"4/25/2020 12:00",0.432,0,-2.1,0.23
"4/26/2020 12:00",0.432,0,-2.3,0.18
"4/27/2020 12:00",0.4285,0,-3.1,0.23
"4/28/2020 12:00",0.4338,0,-4.1,0.23
"4/29/2020 12:00",0.4424,0,-2.6,0.23
"4/30/2020 12:00",0.4604,0,-0.4,0.23
"5/1/2020 12:00",0.432,0,-0.1,0.23
"5/2/2020 12:00",0.3721,0,0.3,0.28
"5/3/2020 12:00",0.386,0,-0.5,0.28
"5/4/2020 12:00",0.517,0,-0.1,0.28
"5/5/2020 12:00",0.7922,0,-0.1,0.28
"5/6/2020 12:00",0.4752,0,-2,0.28
"5/7/2020 12:00",0.3757,0,-1.4,0.28
"5/8/2020 12:00",0.3275,0,-1.8,0.28
"5/9/2020 12:00",0.3882,0,-3,0.28
"5/10/2020 12:00",0.4128,1.2,-3.2,0.28
"5/11/2020 12:00",0.3447,0.4,-2.3,0.28
"5/12/2020 12:00",0.3095,3.8,-1.2,0.28
"5/13/2020 12:00",0.4038,1.6,0.3,0.54
"5/14/2020 12:00",0.7717,0.8,1.1,0.61
"5/15/2020 12:00",0.9439,6.1,-2.9,0.54
"5/16/2020 12:00",0.7343,0.2,-4.7,0.48
"5/17/2020 12:00",0.4612,0.2,-1.5,0.41
"5/18/2020 12:00",0.5893,0,2,0.41
"5/19/2020 12:00",0.5422,0.4,-1.1,0.41
"5/20/2020 12:00",0.7563,0.6,-5.2,0.41
"5/21/2020 12:00",0.8202,0,-6.4,0.35
"5/22/2020 12:00",0.8472,0,-7.7,0.35
"5/23/2020 12:00",0.7154,0,-7.7,0.35
"5/24/2020 12:00",0.4664,6.8,-5,0.35
"5/25/2020 12:00",0.4493,6.5,-4.8,0.35
"5/26/2020 12:00",0.4719,7.1,-4.5,0.41
"5/27/2020 12:00",0.4395,0.4,-3.9,0.35
"5/28/2020 12:00",0.4516,0.2,-5.8,0.35
"5/29/2020 12:00",0.5585,0,-12.5,0.41
"5/30/2020 12:00",1.1203,0,-14.2,0.41
"5/31/2020 12:00",1.0924,0,-10.2,0.48
"6/1/2020 12:00",1.0207,0,-10.5,0.41
"6/2/2020 12:00",1.1933,0.6,-9.8,0.35
"6/3/2020 12:00",0.8406,0.4,-6.6,0.35
"6/4/2020 12:00",1.4421,2.5,-2.6,0.35
"6/5/2020 12:00",1.4901,3.4,-2.1,0.35
"6/6/2020 12:00",1.1328,7.6,-1.1,0.35
"6/7/2020 12:00",0.8696,0.4,0.3,0.35
"6/8/2020 12:00",1.2759,0.4,2.3,0.41
"6/9/2020 12:00",1.5795,5.5,0.1,0.54
"6/10/2020 12:00",1.8611,0,-0.5,0.54
"6/11/2020 12:00",1.3866,0,-0.8,0.54
"6/12/2020 12:00",0.965,0,-0.7,0.48
"6/13/2020 12:00",0.8448,0,-7.4,0.41
"6/14/2020 12:00",1.849,6.4,-4.8,0.35
"6/15/2020 12:00",2.4418,0,2.1,0.28
"6/16/2020 12:00",1.8222,0,5.3,0.35
"6/17/2020 12:00",1.8643,0,5.2,0.48
"6/18/2020 12:00",1.8383,0,5.9,0.69
"6/19/2020 12:00",1.1592,0,7,0.95
"6/20/2020 12:00",1.1539,5.6,2.5,1.33
"6/21/2020 12:00",1.0084,18,-2.1,1.33
"6/22/2020 12:00",1.0807,3.9,-2.4,0.86
"6/23/2020 12:00",1.008,0.6,-0.2,0.69
"6/24/2020 12:00",1.008,3.9,-0.9,0.69
"6/25/2020 12:00",1.0164,2.7,-3.7,0.61
"6/26/2020 12:00",0.9958,0.4,-6.7,0.54
"6/27/2020 12:00",1.0218,0,-4.9,0.48
"6/28/2020 12:00",0.9576,3.4,-4.6,0.41
"6/29/2020 12:00",0.9062,4,-5.6,0.41
"6/30/2020 12:00",1.0156,0,-6.6,0.35
"7/1/2020 12:00",1.4726,3.3,-2.8,0.35
"7/2/2020 12:00",1.9159,0.4,-2,0.28
"7/3/2020 12:00",2.2691,0,-4.3,0.28
"7/4/2020 12:00",2.3294,0.6,-1.2,0.28
"7/5/2020 12:00",1.8959,0,3.7,0.28
"7/6/2020 12:00",1.1221,2.4,4.5,0.54
"7/7/2020 12:00",1.5081,28.8,2.8,4.41
"7/8/2020 12:00",1.3236,0.6,2.2,4.01
"7/9/2020 12:00",1.42,3.7,1.5,3.39
"7/10/2020 12:00",1.8,2.6,1.1,3.02
"7/11/2020 12:00",1.85,1.2,2.1,2.65
"7/12/2020 12:00",1.95,7.3,-3,2.05
"7/13/2020 12:00",2.05,2.3,-4.1,2.17
"7/14/2020 12:00",2.12,0,-7.2,2.41
"7/15/2020 12:00",2.23,0.2,-2.3,2.17
"7/16/2020 12:00",2.45,0.4,3.3,2.17
"7/17/2020 12:00",2.46,9.6,0.4,2.65
"7/18/2020 12:00",2.35,0.6,-3.6,2.29
"7/19/2020 12:00",2.55,0,-4.7,2.17
"7/20/2020 12:00",2.56,0,-8,2.05
"7/21/2020 12:00",2.61,0,-5.6,1.94
"7/22/2020 12:00",2.64,8.4,-4.2,1.71
"7/23/2020 12:00",2.69,6.4,-0.3,1.59
"7/24/2020 12:00",2.7,0,2.5,1.71
"7/25/2020 12:00",2.71,0.2,-0.1,1.59
"7/26/2020 12:00",2.74,0,4.2,1.48
"7/27/2020 12:00",2.85,0,8,1.71
"7/28/2020 12:00",2.89,0.4,7.2,1.82
"7/29/2020 12:00",2.91,0.8,2.9,1.94
"7/30/2020 12:00",2.85,0,-1.4,1.71
"7/31/2020 12:00",2.96,3,-4.2,1.48
"8/1/2020 12:00",3.01,0,-5.4,1.17
"8/2/2020 12:00",3.05,0,-5.6,1.06
"8/3/2020 12:00",3.12,5,0.3,1.06
"8/4/2020 12:00",3.15,0.4,5.1,1.06
"8/5/2020 12:00",3,0,4.2,1.06
"8/6/2020 12:00",3.2,0.2,4.7,1.17
"8/7/2020 12:00",3.24,0.2,9,1.38
"8/8/2020 12:00",3.19,0.2,8.4,1.59
"8/9/2020 12:00",3.29,5.2,3.6,1.71
"8/10/2020 12:00",3.3899,2.2,4.9,1.38
"8/11/2020 12:00",3.0826,1.4,6.9,1.38
"8/12/2020 12:00",3.1304,2.4,4.2,1.38
"8/13/2020 12:00",2.684,2.4,3.8,1.48
"8/14/2020 12:00",2.5413,0.8,7.9,1.17
"8/15/2020 12:00",2.8678,0,7.1,1.17
"8/16/2020 12:00",2.268,0,5.5,1.06
"8/17/2020 12:00",2.0304,0.4,9.9,1.27
"8/18/2020 12:00",2.519,0.6,7.6,1.27
"8/19/2020 12:00",2.5638,0,2.2,1.06
"8/20/2020 12:00",2.1379,0,4.6,1.06
"8/21/2020 12:00",2.457,0,4,0.96
"8/22/2020 12:00",3.3464,0,3.7,0.87
"8/23/2020 12:00",3.7493,0,6.2,0.77
"8/24/2020 12:00",2.5739,0.2,10.5,0.77
"8/25/2020 12:00",1.49,0.2,12.8,0.77
"8/26/2020 12:00",1.3794,0,13.5,0.77
"8/27/2020 12:00",2.3712,0.4,13.4,0.68
"8/28/2020 12:00",2.1236,1.2,15.3,0.68
"8/29/2020 12:00",1.6975,0.6,15.7,0.68
"8/30/2020 12:00",2.1537,0.4,13,0.68
"8/31/2020 12:00",1.8167,0,11.9,0.68
"9/1/2020 12:00",1.8457,0,13.4,0.59
"9/2/2020 12:00",1.8805,5.3,12.1,0.5
"9/3/2020 12:00",2.6183,3.6,11.6,0.43
"9/4/2020 12:00",2.9969,0.2,12.3,0.43
"9/5/2020 12:00",2.3339,3.4,9.2,0.43
"9/6/2020 12:00",2.1742,3.1,6.3,0.43
"9/7/2020 12:00",2.2013,1.7,4.9,0.43
"9/8/2020 12:00",2.6139,5.1,4.3,0.5
"9/9/2020 12:00",2.3275,2,5.5,0.5
"9/10/2020 12:00",2.45,5.9,7.7,0.5
"9/11/2020 12:00",2.49,0.6,11.4,0.5
"9/12/2020 12:00",2.51,0.2,9.5,0.5
"9/13/2020 12:00",1.88,3.8,7.7,0.59
"9/14/2020 12:00",2.65,2.9,8.3,0.87
"9/15/2020 12:00",2.7,0.8,8.8,0.87
"9/16/2020 12:00",2.75,0,11.2,0.77
"9/17/2020 12:00",2.76,13.3,12,0.68
"9/18/2020 12:00",2.78,4,10.5,0.68
"9/19/2020 12:00",2.8,0.8,9.2,0.77
"9/20/2020 12:00",2.82,12.8,9,0.96
"9/21/2020 12:00",2.84,11.1,9.1,1.59
"9/22/2020 12:00",2.86,4.5,9.8,1.82
"9/23/2020 12:00",3,10.7,9.5,1.59
"9/24/2020 12:00",3.01,1.5,10.8,1.48
"9/25/2020 12:00",3.05,0.7,12.5,1.27
"9/26/2020 12:00",3.06,24.5,10.8,1.17
"9/27/2020 12:00",3.1,6.1,11.1,1.17
"9/28/2020 12:00",3.12,1.1,10.5,1.17
"9/29/2020 12:00",3.15,1.6,9.1,1.06
"9/30/2020 12:00",3.18,7.2,10.8,1.06
"10/1/2020 12:00",3.2,0.2,11.7,1.06
"10/2/2020 12:00",3.3,11.7,10.9,1.17
"10/3/2020 12:00",3.5,6.5,9.1,2.53
"10/4/2020 12:00",3.4,0.4,8.9,2.17
"10/5/2020 12:00",3.6,2.1,9.2,1.82
"10/6/2020 12:00",3.7,4.6,9.6,1.59
"10/7/2020 12:00",3.4,9.9,6.9,2.17
"10/8/2020 12:00",3.5,0.2,9,1.94
"10/9/2020 12:00",3.6,4.8,9.3,1.82
"10/10/2020 12:00",3.6,0,9.6,1.59
"10/11/2020 12:00",3.4,5,11.5,1.48
"10/12/2020 12:00",3.5,1,10,1.06
"10/13/2020 12:00",3.8,0.2,11.8,1.06
"10/14/2020 12:00",3.7,0.2,13.9,0.96
"10/15/2020 12:00",3.89,3,11.2,0.96
"10/16/2020 12:00",3.84,1,11.6,0.96
"10/17/2020 12:00",3.91,0.6,13.3,0.87
"10/18/2020 12:00",3.94,0,15.2,0.87
"10/19/2020 12:00",3.95,0,15.5,0.87
"10/20/2020 12:00",3.95,0,12.7,0.87
"10/21/2020 12:00",4,0,10.6,0.87
"10/22/2020 12:00",4,0,10.6,0.87
"10/23/2020 12:00",4,0,13.2,0.87
"10/24/2020 12:00",4,0,13,0.87
"10/25/2020 12:00",4,2.9,13.8,0.96
"10/26/2020 12:00",4,8.2,13.4,0.96
"10/27/2020 12:00",4,0.2,13.2,0.96
"10/28/2020 12:00",4,0.2,13.4,0.96
"10/29/2020 12:00",4,0.2,14.1,0.96
"10/30/2020 12:00",4,0,15.2,0.96
"10/31/2020 12:00",4.01,0,14.5,0.96
"11/1/2020 12:00",4.02,3.3,16.4,0.96
"11/2/2020 12:00",4.03,1,19.5,0.96
"11/3/2020 12:00",4.04,0,19.8,1.17
"11/4/2020 12:00",4.01,2.3,18.3,1.17
"11/5/2020 12:00",4.05,15.2,16.5,1.17
"11/6/2020 12:00",4.06,0.6,17.4,1.17
"11/7/2020 12:00",4.05,0.6,18.5,1.17
"11/8/2020 12:00",4.05,0,20.3,1.17
"11/9/2020 12:00",4.06,0,19.6,1.17
"11/10/2020 12:00",3.9,9.9,14.5,1.17
"11/11/2020 12:00",3.98,8.8,14.2,1.17
"11/12/2020 12:00",3.97,8.3,16,1.17
"11/13/2020 12:00",3.95,0.2,17.2,1.17
"11/14/2020 12:00",3.96,2.9,15.8,1.17
"11/15/2020 12:00",4,8.2,15.6,1.17
"11/16/2020 12:00",4,0.2,15.9,1.17
"11/17/2020 12:00",4,0.2,16.6,1.17
"11/18/2020 12:00",4,0.2,17.1,1.06
"11/19/2020 12:00",4,0,17.3,1.06
"11/20/2020 12:00",4,0,16.1,0.96
"11/21/2020 12:00",4,3.3,16,0.96
"11/22/2020 12:00",4,1,17,0.96
"11/23/2020 12:00",4,0,18.2,0.96
"11/24/2020 12:00",4,2.3,16.3,0.96
"11/25/2020 12:00",4,15.2,13.9,1.17
"11/26/2020 12:00",4,0.6,16.1,1.06
"11/27/2020 12:00",4,0.6,17.4,0.96
"11/28/2020 12:00",3.78,0,15.9,0.87
"11/29/2020 12:00",3.65,0,16.5,0.87
"11/30/2020 12:00",3.55,9.9,15.4,0.96
"12/1/2020 12:00",3.56,8.8,14.2,1.27
"12/2/2020 12:00",3.45,8.3,12.6,1.27
"12/3/2020 12:00",3.4,0.2,10.1,1.27
"12/4/2020 12:00",3.35,0,8,1.17
"12/5/2020 12:00",3.19,0.2,8.5,0.68
"12/6/2020 12:00",3.2,0.8,10.8,0.5
"12/7/2020 12:00",3.1,0,11.4,0.35
"12/8/2020 12:00",3.05,0,11.2,0.15
"12/9/2020 12:00",3,0,12.5,0.15
"12/10/2020 12:00",3,0.2,13.3,0.07
"12/11/2020 12:00",3,0.2,16,0.07
"12/12/2020 12:00",3,0.2,18,0.1
"12/13/2020 12:00",2.95,0,18.7,0.07
"12/14/2020 12:00",2.91,0,18.9,0.1
"12/15/2020 12:00",2.8,0,15.9,0.1
"12/16/2020 12:00",2.78,0,17.2,0.07
"12/17/2020 12:00",2.75,0,16.1,0.07
"12/18/2020 12:00",2.72,6.5,11.3,0.15
"12/19/2020 12:00",2.71,0,10.8,0.1
"12/20/2020 12:00",2.6,0.8,15.8,0.1
"12/21/2020 12:00",2.56,1.5,16.8,0.1
"12/22/2020 12:00",2.45,7.4,14.5,0.1
"12/23/2020 12:00",2.47,9.3,11.3,0.1
"12/24/2020 12:00",2.38,0.6,12.4,0.1
"12/25/2020 12:00",2.34,0,14.4,0.07
"12/26/2020 12:00",2.31,0.4,15.1,0.07
"12/27/2020 12:00",2.29,0,14.7,0.07
"12/28/2020 12:00",2.25,0.2,14.2,0.07
"12/29/2020 12:00",2.21,0,16.6,0.07
"12/30/2020 12:00",2.2,0,17.4,0.07
"12/31/2020 12:00",2.17,0,14.4,0.07
"1/1/2021 12:00",2.05,0.4,13.6,0.07
"1/2/2021 12:00",1.8,0.6,13.3,0.07
"1/3/2021 12:00",1.89,0.2,13.9,0.07
"1/4/2021 12:00",1.95,0,13.6,0.07
"1/5/2021 12:00",1.78,0,15,0.07
"1/6/2021 12:00",1.8,0,15.7,0.07
"1/7/2021 12:00",1.8,0,15.7,0.07
"1/8/2021 12:00",1.8,0,13.7,0.07
"1/9/2021 12:00",1.8,12,9.4,0.07
"1/10/2021 12:00",1.7653,1.2,7.3,0.145
"1/11/2021 12:00",1.7507,0,7.8,0.101
"1/12/2021 12:00",1.9616,0.4,8.9,0.101
"1/13/2021 12:00",1.7054,0.2,9.7,0.068
"1/14/2021 12:00",1.5305,0.4,10.8,0.068
"1/15/2021 12:00",1.3445,0,9.4,0.068
"1/16/2021 12:00",1.6311,23,5.5,0.068
"1/17/2021 12:00",1.8315,0.8,5.9,0.593
"1/18/2021 12:00",1.2505,0,4.8,0.287
"1/19/2021 12:00",1.3344,0,5.1,0.145
"1/20/2021 12:00",1.5515,4,8.7,0.068
"1/21/2021 12:00",2.5024,4,9.4,0.068
"1/22/2021 12:00",1.3357,2.4,7.9,0.145
"1/23/2021 12:00",1.0608,0.6,5.9,0.209
"1/24/2021 12:00",1.1368,0.4,7.5,0.101
"1/25/2021 12:00",1.72,0,7.9,0.101
"1/26/2021 12:00",0.8035,0,10.4,0.101
"1/27/2021 12:00",0.7472,0.2,11.3,0.068
"1/28/2021 12:00",0.8802,0,10.8,0.068
"1/29/2021 12:00",1.3669,0,10.5,0.068
"1/30/2021 12:00",1.58,0.6,9.6,0.068
"1/31/2021 12:00",1.7161,8.5,8.1,0.068
"2/1/2021 12:00",1.5196,18.7,8.7,0.209
"2/2/2021 12:00",0.7984,9.6,6.8,0.774
"2/3/2021 12:00",0.6156,1,0.7,0.427
"2/4/2021 12:00",1.4979,0,0.9,0.287
"2/5/2021 12:00",0.9807,3.6,0.3,0.209
"2/6/2021 12:00",0.7494,0,-0.7,0.209
"2/7/2021 12:00",0.7785,0,0.4,0.209
"2/8/2021 12:00",0.6168,0,0.2,0.209
"2/9/2021 12:00",0.5381,0,0.1,0.209
"2/10/2021 12:00",0.494,0.6,1.4,0.209
"2/11/2021 12:00",0.6499,0,2.1,0.145
"2/12/2021 12:00",1.3541,0,5.1,0.145
"2/13/2021 12:00",0.9814,0,7.4,0.101
"2/14/2021 12:00",0.7571,0,8.1,0.101
"2/15/2021 12:00",0.869,0,6.7,0.101
"2/16/2021 12:00",1.2378,0,4.3,0.101
"2/17/2021 12:00",1.7729,0,0.2,0.101
"2/18/2021 12:00",2.2881,14.4,-0.9,0.101
"2/19/2021 12:00",1.4619,3.4,-1.2,0.101
"2/20/2021 12:00",0.9923,4.8,2.1,0.145
"2/21/2021 12:00",1.1767,1,3.2,0.145
"2/22/2021 12:00",0.9972,0,4.1,0.145
"2/23/2021 12:00",0.6706,0,0,0.145
"2/24/2021 12:00",0.4424,0,0.7,0.145
"2/25/2021 12:00",0.432,0,-0.4,0.287
"2/26/2021 12:00",0.432,0.2,-0.2,0.209
"2/27/2021 12:00",0.7169,0,-4.4,0.209
"2/28/2021 12:00",1.7517,0,-1.1,0.209
"3/1/2021 12:00",2.2285,1.2,-2.9,0.209
"3/2/2021 12:00",2.0057,0,-2.9,0.209
"3/3/2021 12:00",2.0426,0,2.9,0.209
"3/4/2021 12:00",2.0981,0,2.3,0.209
"3/5/2021 12:00",2.1343,0,1.3,0.145
"3/6/2021 12:00",2.4753,0,0.5,0.145
"3/7/2021 12:00",1.3949,0,-0.8,0.145
"3/8/2021 12:00",1.6528,14.6,2.8,0.209
"3/9/2021 12:00",1.2143,0,3.4,0.209
"3/10/2021 12:00",0.3587,2.4,2.3,0.209
"3/11/2021 12:00",0.3395,1.8,-0.5,0.209
"3/12/2021 12:00",0.2991,2.2,-2.5,0.209
"3/13/2021 12:00",0.3314,4,-6.5,0.209
"3/14/2021 12:00",0.3303,0.4,-8.6,0.209
"3/15/2021 12:00",0.3094,0.2,-8.1,0.209
"3/16/2021 12:00",0.2972,0.6,-6.6,0.209
"3/17/2021 12:00",0.8208,1.4,-1,0.209
"3/18/2021 12:00",0.4109,12.1,2.8,0.101
"3/19/2021 12:00",0.42,0,-6.4,0.101
"3/20/2021 12:00",1.0199,0,-6.1,0.145
"3/21/2021 12:00",0.8871,0,-7.1,0.209
"3/22/2021 12:00",1.087,0,-0.3,0.287
"3/23/2021 12:00",1.1185,0,-0.3,0.287
"3/24/2021 12:00",0.3241,0,-3.3,0.287
"3/25/2021 12:00",0.2635,0,-1.9,0.287
"3/26/2021 12:00",0.2907,0,-3,0.287
"3/27/2021 12:00",0.3015,0,-4.3,0.209
"3/28/2021 12:00",0.288,0,-5.8,0.145
"3/29/2021 12:00",0.2881,0,-1.9,0.145
"3/30/2021 12:00",0.4164,0,-0.5,0.145
"3/31/2021 12:00",0.288,0,-1,0.145
"4/1/2021 12:00",0.288,0,0.2,0.145
"4/2/2021 12:00",0.362,0,2,0.145
"4/3/2021 12:00",0.5213,0,-0.1,0.101
"4/4/2021 12:00",0.4156,0,2.5,0.101
"4/5/2021 12:00",0.3614,0,2.7,0.101
"4/6/2021 12:00",0.3058,0,-1.9,0.145
"4/7/2021 12:00",0.3213,0,1.4,0.145
"4/8/2021 12:00",0.3281,0,3.8,0.145
"4/9/2021 12:00",0.4129,0,0.2,0.145
"4/10/2021 12:00",0.4314,0.2,-11.6,0.145
"4/11/2021 12:00",0.4133,0,-14.2,0.145
"4/12/2021 12:00",0.2981,0.2,-13.2,0.145
"4/13/2021 12:00",0.35,0,-14.7,0.145
"4/14/2021 12:00",0.4677,0,-11.8,0.145
"4/15/2021 12:00",0.4094,4.6,-5.9,0.145
"4/16/2021 12:00",0.388,1.6,-2.3,0.145
"4/17/2021 12:00",0.2822,18.3,0.7,0.145
"4/18/2021 12:00",0.3743,3.4,0.9,0.287
"4/19/2021 12:00",0.2894,1.2,-4.6,0.353
"4/20/2021 12:00",0.2888,0,-6.1,0.353
"4/21/2021 12:00",0.3833,0.2,-3.3,0.353
"4/22/2021 12:00",0.432,13.4,0.4,0.427
"4/23/2021 12:00",0.3924,1.6,0.7,0.503
"4/24/2021 12:00",0.3884,5.9,-1.9,0.774
"4/25/2021 12:00",0.432,0,-4.9,0.593
"4/26/2021 12:00",0.432,0,-6.7,0.503
"4/27/2021 12:00",0.4285,0,-2.7,0.427
"4/28/2021 12:00",0.4338,0.2,-1,0.427
"4/29/2021 12:00",0.4424,0,-3.4,0.427
"4/30/2021 12:00",0.4604,7.2,-11.1,0.427
"5/1/2021 12:00",0.432,0.2,-11.6,0.287
"5/2/2021 12:00",0.3721,0,-6.5,0.209
"5/3/2021 12:00",0.386,0,-7.9,0.209
"5/4/2021 12:00",0.517,0.8,-12.2,0.209
"5/5/2021 12:00",0.7922,0.6,-14.9,0.145
"5/6/2021 12:00",0.4752,0,-15.1,0.145
"5/7/2021 12:00",0.3757,0,-13.2,0.145
"5/8/2021 12:00",0.3275,0,-10.5,0.145
"5/9/2021 12:00",0.3882,0,-3.1,0.145
"5/10/2021 12:00",0.4128,0,-0.8,0.145
"5/11/2021 12:00",0.3447,3,-1.1,0.145
"5/12/2021 12:00",0.3095,1,-2.9,0.209
"5/13/2021 12:00",0.4038,0,-3.1,0.287
"5/14/2021 12:00",0.7717,2.9,-4.2,0.353
"5/15/2021 12:00",0.9439,5.4,0.6,0.353
"5/16/2021 12:00",0.7343,0.2,2.5,0.427
"5/17/2021 12:00",0.4612,5.6,0.9,0.503
"5/18/2021 12:00",0.5893,23,-6.3,0.684
"5/19/2021 12:00",0.5422,0.2,-10,0.503
"5/20/2021 12:00",0.7563,5.8,-4.7,0.427
"5/21/2021 12:00",0.8202,0,-3.8,0.353
"5/22/2021 12:00",0.8472,0,-3.5,0.353
"5/23/2021 12:00",0.7154,0,-2.2,0.427
"5/24/2021 12:00",0.4664,0,0.5,0.427
"5/25/2021 12:00",0.4493,5.4,0.9,0.955
"5/26/2021 12:00",0.4719,6.2,1.7,1.29
"5/27/2021 12:00",0.4395,1.2,4.4,1.29
"5/28/2021 12:00",0.4516,0,8.4,1.54
"5/29/2021 12:00",0.5585,0.2,8.1,1.66
"5/30/2021 12:00",1.1203,0.2,7.5,1.91
"5/31/2021 12:00",1.0924,1.8,5.3,1.91
"6/1/2021 12:00",1.0207,0.2,-1.2,1.79
"6/2/2021 12:00",1.1933,0.4,-4.2,1.17
"6/3/2021 12:00",0.8406,1.2,-4.6,0.861
"6/4/2021 12:00",1.4421,0.4,1.8,0.758
"6/5/2021 12:00",1.4901,13,4.3,0.655
"6/6/2021 12:00",1.1328,7.2,1.3,2.15
"6/7/2021 12:00",0.8696,0.4,3,1.79
"6/8/2021 12:00",1.2759,6.8,2.5,1.66
"6/9/2021 12:00",1.5795,1.4,2,1.66
"6/10/2021 12:00",1.8611,0,6.3,1.17
"6/11/2021 12:00",1.3866,0,3.7,1.54
"6/12/2021 12:00",0.965,0,7.9,1.54
"6/13/2021 12:00",0.8448,9.7,1.7,1.42
"6/14/2021 12:00",1.849,5.5,-0.5,1.07
"6/15/2021 12:00",2.4418,4.6,-1.7,0.964
"6/16/2021 12:00",1.8222,7.6,-1.4,0.964
"6/17/2021 12:00",1.8643,0.4,2.1,0.964
"6/18/2021 12:00",1.8383,0.2,4.6,0.861
"6/19/2021 12:00",1.1592,0,6.7,0.861
"6/20/2021 12:00",1.1539,0,4.2,0.861
"6/21/2021 12:00",1.0084,0,1.6,0.758
"6/22/2021 12:00",1.0807,0,2.6,0.655
"6/23/2021 12:00",1.008,0,3.8,0.655
"6/24/2021 12:00",1.008,2.8,-1.5,0.655
"6/25/2021 12:00",1.0164,0.2,-6.5,0.655
"6/26/2021 12:00",0.9958,0.2,-7.1,0.569
"6/27/2021 12:00",1.0218,0.2,-6.3,0.483
"6/28/2021 12:00",0.9576,0.8,-1.8,0.483
"6/29/2021 12:00",0.9062,0,-0.8,0.397
"6/30/2021 12:00",1.0156,3.4,-4.9,0.397
"7/1/2021 12:00",1.4726,0,-2.6,0.311
"7/2/2021 12:00",1.9159,0,1.9,0.225
"7/3/2021 12:00",2.2691,0,6.2,0.311
"7/4/2021 12:00",2.3294,5.4,4.1,0.397
"7/5/2021 12:00",1.8959,8.4,0.8,0.655
"7/6/2021 12:00",1.1221,7.5,-3.1,0.655
"7/7/2021 12:00",1.5081,2.6,-4.4,0.569
"7/8/2021 12:00",1.3236,0,-6,0.483
"7/9/2021 12:00",1.42,0,-3.9,0.397
"7/10/2021 12:00",1.8,0.4,-0.6,0.311
"7/11/2021 12:00",1.85,0,2.8,0.311
"7/12/2021 12:00",1.95,0,6.5,0.397
"7/13/2021 12:00",2.05,0,5.3,0.483
"7/14/2021 12:00",2.12,0,0.1,0.569
"7/15/2021 12:00",2.23,0,5.9,0.483
"7/16/2021 12:00",2.45,0,7.9,0.569
"7/17/2021 12:00",2.46,0,8.9,0.569
"7/18/2021 12:00",2.35,0,10.1,0.655
"7/19/2021 12:00",2.55,0,10.4,0.758
"7/20/2021 12:00",2.56,6.7,10.2,0.964
"7/21/2021 12:00",2.61,8.1,5.1,1.71
"7/22/2021 12:00",2.64,0.2,6.1,1.27
"7/23/2021 12:00",2.69,1.6,2.9,1.06
"7/24/2021 12:00",2.7,1.4,4.2,1.06
"7/25/2021 12:00",2.71,0.8,7.2,1.06
"7/26/2021 12:00",2.74,2.4,5.9,1.06
"7/27/2021 12:00",2.85,0.4,6.6,0.955
"7/28/2021 12:00",2.89,0.2,10.1,0.955
"7/29/2021 12:00",2.91,0.2,12,0.865
"7/30/2021 12:00",2.85,0.2,14,0.865
"7/31/2021 12:00",2.96,0,11.8,0.865
"8/1/2021 12:00",3.01,1.2,-2.5,0.774
"8/2/2021 12:00",3.05,1,2,0.684
"8/3/2021 12:00",3.12,0,8,0.684
"8/4/2021 12:00",3.15,2.7,9.5,0.684
"8/5/2021 12:00",3,4.3,3.8,0.684
"8/6/2021 12:00",3.2,13.9,3.3,0.774
"8/7/2021 12:00",3.24,0.6,1.8,0.865
"8/8/2021 12:00",3.19,0.2,4.6,0.684
"8/9/2021 12:00",3.29,0.2,6.4,0.684
"8/10/2021 12:00",3.3899,5,3.3,0.684
"8/11/2021 12:00",3.0826,0,5,0.593
"8/12/2021 12:00",3.1304,0.2,8.7,0.593
"8/13/2021 12:00",2.684,8.1,8.9,0.593
"8/14/2021 12:00",2.5413,5.4,2.4,0.774
"8/15/2021 12:00",2.8678,1.8,2.7,0.684
"8/16/2021 12:00",2.268,6.4,1.4,0.684
"8/17/2021 12:00",2.0304,3.6,2.8,0.774
"8/18/2021 12:00",2.519,4.9,4.4,0.774
"8/19/2021 12:00",2.5638,5.4,5.5,0.865
"8/20/2021 12:00",2.1379,6.6,3.4,0.865
"8/21/2021 12:00",2.457,2.9,4.4,0.865
"8/22/2021 12:00",3.3464,0.4,8.7,0.774
"8/23/2021 12:00",3.7493,16.2,10.8,0.865
"8/24/2021 12:00",2.5739,0.2,10.9,0.955
"8/25/2021 12:00",1.49,4.3,11,0.774
"8/26/2021 12:00",1.3794,7,7.2,1.17
"8/27/2021 12:00",2.3712,1.8,7.8,0.865
"8/28/2021 12:00",2.1236,11.3,3.9,0.955
"8/29/2021 12:00",1.6975,0.6,3.9,1.06
"8/30/2021 12:00",2.1537,0,5.6,0.865
"8/31/2021 12:00",1.8167,0.2,9.4,0.774
"9/1/2021 12:00",1.8457,4.9,8.1,0.774
"9/2/2021 12:00",1.8805,4.4,4.1,0.865
"9/3/2021 12:00",2.6183,0.4,6.5,0.774
"9/4/2021 12:00",2.9969,1.2,6.6,0.774
"9/5/2021 12:00",2.3339,10.4,5,0.684
"9/6/2021 12:00",2.1742,3.6,4.5,0.955
"9/7/2021 12:00",2.2013,6.1,4.4,1.06
"9/8/2021 12:00",2.6139,3.5,6,1.06
"9/9/2021 12:00",2.3275,5.6,10.5,1.06
"9/10/2021 12:00",2.45,1,13.1,0.955
"9/11/2021 12:00",2.49,0.2,12.9,0.865
"9/12/2021 12:00",2.51,0,14.3,0.774
"9/13/2021 12:00",1.88,8.4,11.5,0.774
"9/14/2021 12:00",2.65,1,9,0.774
"9/15/2021 12:00",2.7,1.4,7.8,0.684
"9/16/2021 12:00",2.75,6.3,9.1,0.684
"9/17/2021 12:00",2.76,1.4,7.6,0.593
"9/18/2021 12:00",2.78,4.4,3.9,0.684
"9/19/2021 12:00",2.8,3.3,4.3,0.684
"9/20/2021 12:00",2.82,0.2,7.3,0.593
"9/21/2021 12:00",2.84,0.6,11.5,0.503
"9/22/2021 12:00",2.86,0.2,13.5,0.503
"9/23/2021 12:00",3,0,15.9,0.503
"9/24/2021 12:00",3.01,2.3,11.5,0.503
"9/25/2021 12:00",3.05,0.2,10.6,0.427
"9/26/2021 12:00",3.06,0.6,11.3,0.427
"9/27/2021 12:00",3.1,0.2,12.3,0.353
"9/28/2021 12:00",3.12,0,14.4,0.353
"9/29/2021 12:00",3.15,0.2,16.6,0.353
"9/30/2021 12:00",3.18,0,16.9,0.287
"10/1/2021 12:00",3.2,0,16.3,0.287
"10/2/2021 12:00",3.3,0,16.4,0.287
"10/3/2021 12:00",3.5,0,16.3,0.287
"10/4/2021 12:00",3.4,1.7,14.5,0.287
"10/5/2021 12:00",3.6,0.4,15.1,0.287
"10/6/2021 12:00",3.7,0,18.2,0.287
"10/7/2021 12:00",3.4,5.2,15.2,0.353
"10/8/2021 12:00",3.5,9.1,13.2,0.427
"10/9/2021 12:00",3.6,2,12.1,0.353
"10/10/2021 12:00",3.6,8.6,11.5,0.427
"10/11/2021 12:00",3.4,1.6,11.4,0.503
"10/12/2021 12:00",3.5,0.6,12.3,0.353
"10/13/2021 12:00",3.8,0,13.1,0.353
"10/14/2021 12:00",3.7,0,12,0.287
"10/15/2021 12:00",3.89,0,12.4,0.287
"10/16/2021 12:00",3.84,0,13.2,0.287
"10/17/2021 12:00",3.91,4.8,13.6,0.287
"10/18/2021 12:00",3.94,0.2,8.6,0.353
"10/19/2021 12:00",3.95,0.4,10.8,0.287
"10/20/2021 12:00",3.95,0,11.1,0.209
"10/21/2021 12:00",4,0,11.1,0.209
"10/22/2021 12:00",4,0,14.4,0.209
"10/23/2021 12:00",4,0,17.8,0.209
"10/24/2021 12:00",4,0.2,18.6,0.209
"10/25/2021 12:00",4,0,19.6,0.209
"10/26/2021 12:00",4,0,21.5,0.209
"10/27/2021 12:00",4,0,22.5,0.145
"10/28/2021 12:00",4,0,18,0.145
"10/29/2021 12:00",4,0,11.8,0.145
"10/30/2021 12:00",4,0,11.1,0.145
"10/31/2021 12:00",4.01,1.2,11,0.145
"11/1/2021 12:00",4.02,0.8,13.2,0.209
"11/2/2021 12:00",4.03,0,12.5,0.145
"11/3/2021 12:00",4.04,0,11.2,0.145
"11/4/2021 12:00",4.01,0,13.1,0.145
"11/5/2021 12:00",4.05,0,14.9,0.145
"11/6/2021 12:00",4.06,0,15.5,0.145
"11/7/2021 12:00",4.05,0,14.6,0.145
"11/8/2021 12:00",4.05,0,16.4,0.145
"11/9/2021 12:00",4.06,0,15.1,0.145
"11/10/2021 12:00",3.9,0,15,0.145
"11/11/2021 12:00",3.98,0,18.3,0.101
"11/12/2021 12:00",3.97,2.2,19.6,0.101
"11/13/2021 12:00",3.95,4.8,14.9,0.101
"11/14/2021 12:00",3.96,0,14.7,0.101
"11/15/2021 12:00",4,0,15.8,0.101
"11/16/2021 12:00",4,0,15.8,0.101
"11/17/2021 12:00",4,1.3,13.8,0.101
"11/18/2021 12:00",4,0.8,15.4,0.101
"11/19/2021 12:00",4,0,17.6,0.068
"11/20/2021 12:00",4,0,17.5,0.068
"11/21/2021 12:00",4,0,17.1,0.068
"11/22/2021 12:00",4,0,18.4,0.068
"11/23/2021 12:00",4,14.3,13.3,0.068
"11/24/2021 12:00",4,3.6,8.2,0.101
"11/25/2021 12:00",4,0.4,10.8,0.068
"11/26/2021 12:00",4,0.4,11.3,0.068
"11/27/2021 12:00",4,0.2,12.2,0.068
"11/28/2021 12:00",3.78,0.2,14.4,0.068
"11/29/2021 12:00",3.65,0.2,17.3,0.068
"11/30/2021 12:00",3.55,0.2,18.5,0.068
"12/1/2021 12:00",3.56,2.6,17.2,0.068
"12/2/2021 12:00",3.45,25.9,14.1,0.068
"12/3/2021 12:00",3.4,0.2,16.9,0.068
"12/4/2021 12:00",3.35,0,16,0.068
"12/5/2021 12:00",3.19,0,12.2,0.068
"12/6/2021 12:00",3.2,1,12,0.068
"12/7/2021 12:00",3.1,1.1,11.6,0.068
"12/8/2021 12:00",3.05,6,12.1,0.068
"12/9/2021 12:00",3,7.7,13.9,0.068
"12/10/2021 12:00",3,1.2,14.1,0.068
"12/11/2021 12:00",3,0.2,11.8,0.068
"12/12/2021 12:00",3,0,10.9,0.046
"12/13/2021 12:00",2.95,0,10.2,0.046
"12/14/2021 12:00",2.91,0,9.1,0.046
"12/15/2021 12:00",2.8,0.4,9.3,0.046
"12/16/2021 12:00",2.78,0.2,11.9,0.046
"12/17/2021 12:00",2.75,0.2,14.3,0.046
"12/18/2021 12:00",2.72,0.2,14.4,0.046
"12/19/2021 12:00",2.71,0,14.2,0.046
"12/20/2021 12:00",2.6,0,14.8,0.046
"12/21/2021 12:00",2.56,0.4,14.8,0.032
"12/22/2021 12:00",2.45,0,15.7,0.046
"12/23/2021 12:00",2.47,0,13.7,0.046
"12/24/2021 12:00",2.38,0.2,12.1,0.046
"12/25/2021 12:00",2.34,2.4,11.3,0.046
"12/26/2021 12:00",2.31,0.4,9.1,0.046
"12/27/2021 12:00",2.29,0,8.5,0.046
"12/28/2021 12:00",2.25,0.2,9.5,0.046
"12/29/2021 12:00",2.21,0,12.9,0.046
"12/30/2021 12:00",2.2,0.4,15.9,0.046
"12/31/2021 12:00",2.17,9.6,10.9,0.068
"1/1/2022 12:00",2.05,3.8,7.3,0.068
"1/2/2022 12:00",1.8,5.4,5.5,0.068
"1/3/2022 12:00",1.89,6.2,1,0.287
"1/4/2022 12:00",1.95,1.2,1.2,0.101
"1/5/2022 12:00",1.78,0,3.1,0.101
"1/6/2022 12:00",1.8,0,4.5,0.101
"1/7/2022 12:00",1.8,5.6,6,0.068
"1/8/2022 12:00",1.8,1.6,3.7,0.145
"1/9/2022 12:00",1.8,0.2,4.6,0.101
"1/10/2022 12:00",1.7653,0,9.9,0.101
"1/11/2022 12:00",1.7507,0,12.2,0.101
"1/12/2022 12:00",1.9616,0,12.8,0.101
"1/13/2022 12:00",1.7054,0.2,12.1,0.068
"1/14/2022 12:00",1.5305,0.4,10.7,0.068
"1/15/2022 12:00",1.3445,0,9.4,0.068
"1/16/2022 12:00",1.6311,2.4,10.5,0.068
"1/17/2022 12:00",1.8315,0,10,0.068
"1/18/2022 12:00",1.2505,0,7,0.068
"1/19/2022 12:00",1.3344,0,7.9,0.068
"1/20/2022 12:00",1.5515,0,9.8,0.068
"1/21/2022 12:00",2.5024,0.2,11.9,0.068
"1/22/2022 12:00",1.3357,0,7.7,0.068
"1/23/2022 12:00",1.0608,0,2.1,0.068
"1/24/2022 12:00",1.1368,0,2.5,0.068
"1/25/2022 12:00",1.72,0.2,8.1,0.068
"1/26/2022 12:00",0.8035,2,0.5,0.068
"1/27/2022 12:00",0.7472,2,-2.4,0.101
"1/28/2022 12:00",0.8802,0,0.4,0.101
"1/29/2022 12:00",1.3669,0,3.2,0.101
"1/30/2022 12:00",1.58,0,5.6,0.101
"1/31/2022 12:00",1.7161,0,7.6,0.068
"2/1/2022 12:00",1.5196,0,6.7,0.068
"2/2/2022 12:00",0.7984,0,3.9,0.068
"2/3/2022 12:00",0.6156,0,0.2,0.068
"2/4/2022 12:00",1.4979,0,2.5,0.068
"2/5/2022 12:00",0.9807,0,3.4,0.068
"2/6/2022 12:00",0.7494,0,2.1,0.068
"2/7/2022 12:00",0.7785,0,2.8,0.068
"2/8/2022 12:00",0.6168,0.8,-0.7,0.068
"2/9/2022 12:00",0.5381,2,-4.2,0.068
"2/10/2022 12:00",0.494,1,-5.7,0.068
"2/11/2022 12:00",0.6499,0.2,-4.3,0.068
"2/12/2022 12:00",1.3541,5,1.6,0.068
"2/13/2022 12:00",0.9814,0,3,0.068
"2/14/2022 12:00",0.7571,0,3,0.068
"2/15/2022 12:00",0.869,0,4.1,0.068
"2/16/2022 12:00",1.2378,0,4.9,0.068
"2/17/2022 12:00",1.7729,0,7.4,0.068
"2/18/2022 12:00",2.2881,0,9.9,0.046
"2/19/2022 12:00",1.4619,0,5.4,0.046
"2/20/2022 12:00",0.9923,0,3.5,0.046
"2/21/2022 12:00",1.1767,0,4.5,0.046
"2/22/2022 12:00",0.9972,0.6,3.3,0.046
"2/23/2022 12:00",0.6706,0.4,0.1,0.068
"2/24/2022 12:00",0.4424,0.2,-3.2,0.068
"2/25/2022 12:00",0.432,0,-6,0.068
"2/26/2022 12:00",0.432,0,-6.3,0.068
"2/27/2022 12:00",0.7169,0.8,-3,0.068
"2/28/2022 12:00",1.7517,6.4,3.4,0.068
"3/1/2022 12:00",2.2285,0,5.5,0.068
"3/2/2022 12:00",2.0057,0,4.8,0.068
"3/3/2022 12:00",2.0426,0,4.3,0.101
"3/4/2022 12:00",2.0981,0,3.5,0.101
"3/5/2022 12:00",2.1343,0,4.5,0.068
"3/6/2022 12:00",2.4753,0,4.1,0.068
"3/7/2022 12:00",1.3949,0,1.1,0.101
"3/8/2022 12:00",1.6528,0,2.3,0.101
"3/9/2022 12:00",1.2143,0,1.1,0.101
"3/10/2022 12:00",0.3587,6.4,-0.2,0.101
"3/11/2022 12:00",0.3395,2.4,-6.1,0.145
"3/12/2022 12:00",0.2991,0,-7.9,0.145
"3/13/2022 12:00",0.3314,0,-8.1,0.101
"3/14/2022 12:00",0.3303,0,-8.1,0.068
"3/15/2022 12:00",0.3094,0,-9.6,0.046
"3/16/2022 12:00",0.2972,0,-9.7,0.046
"3/17/2022 12:00",0.8208,0,-5.3,0.046
"3/18/2022 12:00",0.4109,0,-7.1,0.046
"3/19/2022 12:00",0.42,0,-9.4,0.046
"3/20/2022 12:00",1.0199,0.2,-1.1,0.046
"3/21/2022 12:00",0.8871,2.1,-2,0.046
"3/22/2022 12:00",1.087,15.3,0.9,0.046
"3/23/2022 12:00",1.1185,1.6,0.5,0.046
"3/24/2022 12:00",0.3241,0,-6.1,0.046
"3/25/2022 12:00",0.2635,0,-13.2,0.068
"3/26/2022 12:00",0.2907,0.8,-10.3,0.101
"3/27/2022 12:00",0.3015,0.6,-8.9,0.101
"3/28/2022 12:00",0.288,0.6,-10.9,0.101
"3/29/2022 12:00",0.2881,0.6,-11.2,0.101
"3/30/2022 12:00",0.4164,0.2,-9.5,0.145
"3/31/2022 12:00",0.288,0,-8.8,0.145
"4/1/2022 12:00",0.288,0,-8.9,0.145
"4/2/2022 12:00",0.362,0,-7.1,0.145
"4/3/2022 12:00",0.5213,0,-3.9,0.101
"4/4/2022 12:00",0.4156,0,-4.3,0.046
"4/5/2022 12:00",0.3614,0,-5.7,0.032
"4/6/2022 12:00",0.3058,0,-7.1,0.032
"4/7/2022 12:00",0.3213,0.2,-6.5,0.032
"4/8/2022 12:00",0.3281,0,-6.5,0.032
"4/9/2022 12:00",0.4129,0,-4.3,0.032
"4/10/2022 12:00",0.4314,0,-3.7,0.101
"4/11/2022 12:00",0.4133,0,-4.2,0.209
"4/12/2022 12:00",0.2981,0,-8.1,0.145
"4/13/2022 12:00",0.35,0,-9,0.145
"4/14/2022 12:00",0.4677,0.8,-7.6,0.101
"4/15/2022 12:00",0.4094,0.2,-7.4,0.101
"4/16/2022 12:00",0.388,0.4,-4.5,0.101
"4/17/2022 12:00",0.2822,0,-2.1,0.068
"4/18/2022 12:00",0.3743,0,-4.8,0.046
"4/19/2022 12:00",0.2894,0.6,-11.6,0.068
"4/20/2022 12:00",0.2888,0,-11.1,0.068
"4/21/2022 12:00",0.3833,0.4,-9.2,0.068
"4/22/2022 12:00",0.432,0,-6.3,0.068
"4/23/2022 12:00",0.3924,0,-7.7,0.068
"4/24/2022 12:00",0.3884,0.2,-9,0.068
"4/25/2022 12:00",0.432,0.2,-5.7,0.068
"4/26/2022 12:00",0.432,0,-3.8,0.046
"4/27/2022 12:00",0.4285,0,-3.5,0.032
"4/28/2022 12:00",0.4338,0,-2.1,0.046
"4/29/2022 12:00",0.4424,0,-1.8,0.209
"4/30/2022 12:00",0.4604,0,-2.7,0.287
"5/1/2022 12:00",0.432,0,-5.3,0.287
"5/2/2022 12:00",0.3721,0.2,-10.5,0.209
"5/3/2022 12:00",0.386,0,-9.3,0.145
"5/4/2022 12:00",0.517,0,-6.4,0.145
"5/5/2022 12:00",0.7922,0,-4.8,0.145
"5/6/2022 12:00",0.4752,0.4,-5.6,0.145
"5/7/2022 12:00",0.3757,0,-11.9,0.209
"5/8/2022 12:00",0.3275,0,-13.7,0.209
"5/9/2022 12:00",0.3882,0.2,-12.1,0.209
"5/10/2022 12:00",0.4128,0,-10.3,0.145
"5/11/2022 12:00",0.3447,0,-13.3,0.101
"5/12/2022 12:00",0.3095,0,-15.4,0.101
"5/13/2022 12:00",0.4038,0,-11.4,0.101
"5/14/2022 12:00",0.7717,0,-5.3,0.101
"5/15/2022 12:00",0.9439,0,-2.8,0.101
"5/16/2022 12:00",0.7343,0.2,-1.8,0.068
"5/17/2022 12:00",0.4612,0,-2.5,0.068
"5/18/2022 12:00",0.5893,0.2,-0.3,0.068
"5/19/2022 12:00",0.5422,17.6,-0.1,0.145
"5/20/2022 12:00",0.7563,26.5,0.6,0.209
"5/21/2022 12:00",0.8202,1.9,-0.8,0.209
"5/22/2022 12:00",0.8472,0,-2.2,0.145
"5/23/2022 12:00",0.7154,0,-6.7,0.101
"5/24/2022 12:00",0.4664,0,-12.2,0.101
"5/25/2022 12:00",0.4493,0,-12.8,0.101
"5/26/2022 12:00",0.4719,0,-12.5,0.101
"5/27/2022 12:00",0.4395,0,-11,0.101
"5/28/2022 12:00",0.4516,0,-11.4,0.101
"5/29/2022 12:00",0.5585,0,-9.3,0.101
"5/30/2022 12:00",1.1203,0,-3.5,0.101
"5/31/2022 12:00",1.0924,0,-2.6,0.145
"6/1/2022 12:00",1.0207,0,-2.3,0.145
"6/2/2022 12:00",1.1933,0,-2.4,0.287
"6/3/2022 12:00",0.8406,0,-2.5,0.427
"6/4/2022 12:00",1.4421,0,-0.3,0.427
"6/5/2022 12:00",1.4901,0,1.5,0.503
"6/6/2022 12:00",1.1328,0,0.9,0.593
"6/7/2022 12:00",0.8696,0,1,0.684
"6/8/2022 12:00",1.2759,0,2.8,0.865
"6/9/2022 12:00",1.5795,0,4.6,0.955
"6/10/2022 12:00",1.8611,0,4.4,1.06
"6/11/2022 12:00",1.3866,0,3,0.955
"6/12/2022 12:00",0.965,0,0.6,0.955
"6/13/2022 12:00",0.8448,0,-4.2,0.865
"6/14/2022 12:00",1.849,0,0.5,0.774
"6/15/2022 12:00",2.4418,0,3.6,0.774
"6/16/2022 12:00",1.8222,0,3.8,0.774
"6/17/2022 12:00",1.8643,0,3.5,0.865
"6/18/2022 12:00",1.8383,0,5.1,0.955
"6/19/2022 12:00",1.1592,0,1.7,1.06
"6/20/2022 12:00",1.1539,0,1.7,1.06
"6/21/2022 12:00",1.0084,0,0.6,1.06
"6/22/2022 12:00",1.0807,2,-0.5,1.17
"6/23/2022 12:00",1.008,1.6,-3.7,1.06
"6/24/2022 12:00",1.008,0,-4.5,0.865
"6/25/2022 12:00",1.0164,0.2,-4.4,0.774
"6/26/2022 12:00",0.9958,0,-4.8,0.503
"6/27/2022 12:00",1.0218,0.2,-4.6,0.353
"6/28/2022 12:00",0.9576,0.2,-2.5,0.353
"6/29/2022 12:00",0.9062,0,-4.3,0.353
"6/30/2022 12:00",1.0156,0,-1.8,0.353
"7/1/2022 12:00",1.4726,0.2,-0.9,0.353
"7/2/2022 12:00",1.9159,0,0.8,0.353
"7/3/2022 12:00",2.2691,0,4,0.427
"7/4/2022 12:00",2.3294,0,5,0.503
"7/5/2022 12:00",1.8959,3,3.2,0.593
"7/6/2022 12:00",1.1221,0.6,-3.4,0.774
"7/7/2022 12:00",1.5081,0.4,-1.1,0.593
"7/8/2022 12:00",1.3236,0,4,0.593
"7/9/2022 12:00",1.42,0,4.7,0.593
"7/10/2022 12:00",1.8,0,1.5,0.654
"7/11/2022 12:00",1.85,0.6,1.7,0.684
"7/12/2022 12:00",1.95,0,3.1,0.684
"7/13/2022 12:00",2.05,0,5.9,0.684
"7/14/2022 12:00",2.12,0,7.8,0.684
"7/15/2022 12:00",2.23,0,8.4,0.774
"7/16/2022 12:00",2.45,6.1,3.2,0.955
"7/17/2022 12:00",2.46,5.8,1.2,1.38
"7/18/2022 12:00",2.35,13,-3.5,1.27
"7/19/2022 12:00",2.55,0.2,-4.8,0.955
"7/20/2022 12:00",2.56,0,-4.1,0.774
"7/21/2022 12:00",2.61,0.4,-1.2,0.774
"7/22/2022 12:00",2.64,1.6,2.2,0.774
"7/23/2022 12:00",2.69,0,3.6,0.774
"7/24/2022 12:00",2.7,0,3.5,0.865
"7/25/2022 12:00",2.71,0,3.6,0.865
"7/26/2022 12:00",2.74,5,5.5,0.955
"7/27/2022 12:00",2.85,3,4.5,1.94
"7/28/2022 12:00",2.89,6.7,0.2,1.82
"7/29/2022 12:00",2.91,4.3,2.3,1.59
"7/30/2022 12:00",2.85,0,6.2,1.38
"7/31/2022 12:00",2.96,5.1,-1.4,1.82
"8/1/2022 12:00",3.01,1.2,-0.5,1.48
"8/2/2022 12:00",3.05,9.3,-2.6,1.27
"8/3/2022 12:00",3.12,0.2,-3.7,1.17
"8/4/2022 12:00",3.15,0.2,-0.9,1.17
"8/5/2022 12:00",3,0,5.7,1.38
"8/6/2022 12:00",3.2,0,8.4,1.38
"8/7/2022 12:00",3.24,0,9.9,1.48
"8/8/2022 12:00",3.19,0,11.1,1.71
"8/9/2022 12:00",3.29,0,11.3,1.82
"8/10/2022 12:00",3.3899,0,10.6,1.94
"8/11/2022 12:00",3.0826,0,10.1,1.94
"8/12/2022 12:00",3.1304,3.8,8.6,1.71
"8/13/2022 12:00",2.684,1,8.3,1.71
"8/14/2022 12:00",2.5413,1.4,9,1.59
"8/15/2022 12:00",2.8678,7.7,7.1,1.71
"8/16/2022 12:00",2.268,0.6,4.1,1.59
"8/17/2022 12:00",2.0304,10.1,6.9,1.59
"8/18/2022 12:00",2.519,13.2,7.9,1.82
"8/19/2022 12:00",2.5638,0.2,5.7,1.71
"8/20/2022 12:00",2.1379,0,5.7,1.27
"8/21/2022 12:00",2.457,0.2,10.1,1.27
"8/22/2022 12:00",3.3464,0.4,14.8,1.17
"8/23/2022 12:00",3.7493,0,10.3,1.17
"8/24/2022 12:00",2.5739,0.6,3.4,1.06
"8/25/2022 12:00",1.49,0.6,3.9,0.955
"8/26/2022 12:00",1.3794,0,6.1,0.865
"8/27/2022 12:00",2.3712,1.6,6.2,0.684
"8/28/2022 12:00",2.1236,11.5,2,0.865
"8/29/2022 12:00",1.6975,1.9,2.8,0.774
"8/30/2022 12:00",2.1537,2.4,1.8,0.684
"8/31/2022 12:00",1.8167,2.5,2,0.684
"9/1/2022 12:00",1.8457,0.7,1.8,0.684
"9/2/2022 12:00",1.8805,0.6,5.6,0.893
"9/3/2022 12:00",2.6183,0.2,9.5,0.593
"9/4/2022 12:00",2.9969,2.4,7.4,0.593
"9/5/2022 12:00",2.3339,10.6,6.1,0.774
"9/6/2022 12:00",2.1742,11.6,5.6,1.17
"9/7/2022 12:00",2.2013,0,9.1,1.06
"9/8/2022 12:00",2.6139,10.4,7.1,1.06
"9/9/2022 12:00",2.3275,3,6.1,1.27
"9/10/2022 12:00",0,2,8.8,1.06
"9/11/2022 12:00",0,2.8,10.5,0.955
"9/12/2022 12:00",0,0,12.4,0.865
"9/13/2022 12:00",0,6.5,12,0.955
"9/14/2022 12:00",0,4.6,12.3,0.955
"9/15/2022 12:00",0,0.6,9.9,0.955
"9/16/2022 12:00",0,0,13.5,0.774
"9/17/2022 12:00",0,8,14.3,0.774
"9/18/2022 12:00",0,8.6,11,0.955
"9/19/2022 12:00",0,8.5,7.7,1.38
"9/20/2022 12:00",0,5.8,8.7,1.17
"9/21/2022 12:00",0,0,0,1.06
